
delete from role_permission;
delete from  user_role;
delete from  permissions;
delete from  roles;
delete from  users;


delete from  results;
delete from  samples;
delete from  tests;
delete from  test_category;
delete from  subjects;

INSERT INTO permissions (id, name) VALUES
(1, 'MANAGE_TEST_CATEGORIES'),
(2, 'MANAGE_SUBJECTS'),
(3, 'MANAGE_SAMPLES'),
(4, 'MANAGE_USERS'),
(5, 'MANAGE_ROLES'),
(6, 'MANAGE_PERMISSIONS'),
(7, 'MANAGE_SETTINGS'),
(8, 'MANAGE_TESTS')
;

INSERT INTO roles (id, name) VALUES
(1, 'ROLE_SUPER_ADMIN'),
(2, 'ROLE_ADMIN'),
(3, 'ROLE_CMS_ADMIN'),
(4, 'ROLE_USER')
;

INSERT INTO users (id, email, password, name) VALUES
(1, 'superadmin@gmail.com', '$2a$10$p3PHnpoBAnzZiL8mr3gMieMhVVSb585ajC2ZsBB0kwb4KvZKFSdNi', 'Super Admin'),
(2, 'admin@gmail.com', '$2a$10$hKDVYxLefVHV/vtuPhWD3OigtRyOykRLDdUAp80Z1crSoS1lFqaFS', 'Admin'),
(3, 'cms@gmail.com', '$2y$10$sYgjsgbWchrpontJNLWY3eW7A5yr2ayiSfOg0sAG2.Yw7bjWTBY4W', 'CMSGuy'),
(4, 'anto@gmail.com', '$2a$10$ByIUiNaRfBKSV6urZoBBxe4UbJ/sS6u1ZaPORHF9AtNWAuVPVz1by', 'Anto'),
(5, 'user@gmail.com', '$2a$10$ByIUiNaRfBKSV6urZoBBxe4UbJ/sS6u1ZaPORHF9AtNWAuVPVz1by', 'DemoUser')

;

insert into role_permission(role_id, perm_id) values
(1,1),(1,2),(1,3),(1,4),(1,5),(1,6),(1,7),(1,8),
(2,1),(2,2),(2,3),(2,4),(2,5),(2,8),
(3,1),(3,2),(3,8)
;

insert into user_role(user_id, role_id) values
(1,1),
(2,2),
(3,3),
(4,2),(4,3),
(5,4)
;

insert into test_category(id, name, description) values
(1,'Linguistic samples','Samples obtained in a foreigen language'),
(2,'Web samples','Samples obtained using Google forms'),
(3,'Oral samples','Samples obtained on time by saying out loud the numbers'),
(4,'Wrote sample','SAmple wrote on paper')
;

insert into tests(id, name, description) values
(1,'FreqTest','Frequency Test'),
(3,'GapTest','Gap Test'),
(4,'PokerTest','Poker Test'),
(5,'CouponTest','Coupon Test'),
(10,'MaxOfTTest','Max of T Test')
;

insert into tests_to_category(test_id, category_id) VALUES
(1,1),(1,2),(1,3),(1,4),
(3,1),(3,2),(3,3),(3,4),
(4,1),(4,2),(4,3),(4,4),
(5,1),(5,2),(5,3),(5,4),
(10,2)
;

INSERT INTO subjects (id, email, age, gender) VALUES
(1, 'cristurean_ovidiu@yahoo.com', '22', 'Male'),
(2, 'paul.cutter@paddypowerbetfair.com', '47', 'Male'),
(3, 'botacrina@gmail.com', '22', 'Female'),
(4, 'oanastoia@yahoo.com', '27', 'Female'),
(5, 'Ghisa.Florin94@gmail.com', '22', 'Male'),
(6, 'bobpaul364@gmail.com', '26', 'Male'),
(7, 'ema_maier@yahoo.com', '21', 'Female'),
(8, 'olahrobert21@gmail.com', '22', 'Male'),
(9, 'BaciuDanaLarisa@yahoo.com', '24', 'Female'),
(10, 'paulabendea_a@yahoo.com', '23', 'Female'),
(11, 'boar_eleonora@yahoo.com', '23', 'Female'),
(12, 'simonacoptil@yahoo.fr', '22', 'Female'),
(13, 'caliinamoldovan@gmail.com', '21', 'Female'),
(14, 'bogdiboca94@gmail.com', '22', 'Male'),
(15, 'alexandrucatalin7@yahoo.com', '22', 'Male'),
(16, 'teodora_carp@yahoo.com', '22', 'Female'),
(17, 'calin.1919@gmail.com', '23', 'Male'),
(18, 'raulmoldo31@yahoo.ro', '23', 'Male'),
(19, 'andonie13@gmail.com', '22', 'Female'),
(20, 'adela.stefanut@yahoo.com', '29', 'Female'),
(21, 'psz.ioana@gmail.com', '23', 'Female'),
(22, 'maieran.cristina@gmail.com', '22', 'Female'),
(23, 'b.ciceu@gmail.com', '22', 'Male'),
(24, 'andreea23tod@yahoo.com', '22', 'Female'),
(25, 'carmen_9465@yahoo.it', '22', 'Female'),
(26, 'alinapustan@gmail.com', '22', 'Female'),
(27, 'vladut.gheorghe@paddypowerbetfair.com', '25', 'Male'),
(28, 'adrian.babalau@gmail.com', '33', 'Male'),
(29, 'rares_cosm@yahoo.com', '25', 'Male'),
(30, 'monicahuet@yahoo.com', '23', 'Female'),
(31, 'andralaviniaroman@gmail.com', '23', 'Female'),
(32, 'alx.7.sng@icloud.com', '25', 'Male'),
(33, 'florinprodaniuc@gmail.com', '34', 'Male'),
(34, 'gheorghe.lazar@paddypowerbetfair.com', '35', 'Male'),
(35, 'gabriela91t@yahoo.com', '26', 'Female'),
(36, 'craciun_ionut91@yahoo.ro', '25', 'Male'),
(37, 'alparantal@gmail.com', '24', 'Male'),
(38, 'bruj_cld@yahoo.com', '32', 'Male'),
(39, 'savin.mihai@gmail.com', '34', 'Male'),
(40, 'guakanagary@gmail.com', '35', 'Male'),
(41, 'astefaneseialina17@gmail.com', '34', 'Female'),
(42, 'claudiacoca95@yahoo.com', '21', 'Female'),
(43, 'claudiacoca95@yahoo.com', '21', 'Female'),
(44, 'naoianpaul92@yahoo.com', '25', 'Male'),
(45, 'julia_topai@yahoo.com', '24', 'Female'),
(46, 'arianatodea@yahoo.com', '23', 'Female'),
(47, 's_anda_2001@yahoo.com', '31', 'Female'),
(48, 'vaidaanca@yahoo.com', '22', 'Female'),
(49, 'evelynszakacs@yahoo.com', '23', 'Female'),
(50, 'toaderalexandra90@yahoo.com', '27', 'Female'),
(51, 'serdean.madalina@gmail.com', '22', 'Female'),
(52, 'bujanovschi_larisa@yahoo.com', '23', 'Female'),
(53, 'cristianpoputa@yahoo.com', '41', 'Male'),
(54, 'ripasbianca@yahoo.com', '15', 'Female'),
(55, 'bolboaca.ramona@yahoo.ro', '21', 'Female'),
(56, 'drejan.ralu@gmail.com', '23', 'Female'),
(57, 'alexpoputa@yahoo.com', '22', 'Male'),
(58, 'narcisavlad96@yahoo.com', '21', 'Female'),
(59, 'elena_popovici62@yahoo.com', '22', 'Female'),
(60, 'denisa.muresan06@gmail.com', '22', 'Female'),
(61, 'carmen_emanuela2000@yahoo.com', '24', 'Female'),
(62, 'tartaalexandra@yahoo.com', '25', 'Female'),
(63, 'bianca_bmaria@yahoo.com', '26', 'Female'),
(64, 'dorel_marc@yahoo.com', '24', 'Male'),
(65, 'oprea.alexandra05@yahoo.com', '23', 'Female'),
(66, 'bogdan.huluban@gmail.com', '22', 'Male'),
(67, 'dumitriumadalina96@yahoo.com', '21', 'Female'),
(68, 'evelin_fabian@yahoo.com', '22', 'Female'),
(69, 'cmc_64@yahoo.com', '53', 'Female'),
(70, 'camelia_georgiana26@yahoo.com', '15', 'Female'),
(71, 'raluca.lungu95@yahoo.com', '22', 'Female'),
(72, 'madalina.crisan92@yahoo.com', '20', 'Female'),
(73, 'alina.maier@yahoo.com', '26', 'Female'),
(74, 'alina_morar08@yahoo.com', '22', 'Female'),
(75, 'sportsman_o@yahoo.com', '23', 'Male'),
(76, 'luciana.covasan@gmail.com', '23', 'Female'),
(77, 'adrian.marginean@paddypowerbetfair.com', '33', 'Male'),
(78, 'radu_miky@yahoo.com', '36', 'Male'),
(79, 'aurel_caliman@yahoo.com', '35', 'Male'),
(80, 'daniel_dragan88@yahoo.com', '28', 'Male'),
(81, 'cristian.chiorean@gmail.com', '34', 'Male'),
(82, 'mihai.cziraki@paddypowerbetfair.com', '33', 'Male'),
(83, 'sirbe.adrian@gmail.com', '23', 'Male'),
(84, 'vlaicu.razvan.ovidiu@gmail.com', '28', 'Male'),
(85, 'horia.onea@betfair.com', '36', 'Male'),
(86, 'rares.titan@paddypowerbetfair.com', '36', 'Male'),
(87, 'pirflorin292@gmail.com', '31', 'Male'),
(88, 'alexandru.sentanai@yahoo.com', '39', 'Male'),
(89, 'razvan.boier@yahoo.com', '26', 'Male'),
(90, 'ovidiuflorinvoicu@gmail.com', '28', 'Male'),
(91, 'mihai.calburean.w@gmail.com', '29', 'Male'),
(92, 'radu.petcu@zoot.ro', '25', 'Male'),
(93, 'anca.ilea_zirbo@yahoo.ro', '29', 'Female'),
(94, 'cian.vlad@yahoo.com', '24', 'Male'),
(95, 'olga.bircea@gmail.com', '26', 'Female'),
(96, 'cimpian.radu@yahoo.com', '23', 'Male'),
(97, 'toanca.vlad@gmail.com', '25', 'Male'),
(98, 'toanca.vlad@gmail.com', '25', 'Male'),
(99, 'laura_dumitru94@yahoo.com', '23', 'Female'),
(100, 'birtasvictor@gmail.com', '23', 'Male'),
('101', 'Gordan Paul ', '20', 'male'),
('102', 'Heredeu Oana Laura ', '20', 'female'),
('103', 'Vranau Flavius', '20', 'male'),
('104', 'Ianc Andrei', '20', 'male'),
('105', 'Chiper Calin', '20', 'male'),
('106', 'Cojocariu Razvan', '20', 'male'),
('107', 'Pop David', '20', 'male'),
('108', 'Savan Catalin', '20', 'male'),
('109', 'Ghiurca Dorin', '20', 'male'),
('110', 'Bursuc Andrei', '20', 'male'),
('111', 'Dulau Marius', '20', 'male'),
('112', 'Pali Anamaria', '20', 'female'),
('113', 'Amza Stefan', '20', 'male'),
('114', 'Sinca Maria ', '20', 'female'),
('115', 'Negara Valentina', '20', 'female'),
('116', 'Csaki Alexandru', '20', 'male'),
('117', 'Bologheanu Florin', '20', 'male'),
('118', 'Tomoiaga Diana', '20', 'female'),
('119', 'Nechiti Anca', '20', 'female'),
('120', 'Mihis Denisa', '20', 'female'),
('121', 'Moga Alex', '20', 'male'),
('122', 'Tatar Darius', '20', 'male'),
('123', 'Malita Teodora ', '20', 'female'),
('124', 'Iosif Raluca', '20', 'female'),
('125', 'Corui Adriana', '20', 'female'),
('126', 'Fersigan Larisa', '20', 'female'),
('127', 'Giurgi Iacob', '20', 'male'),
('128', 'Blidar George', '20', 'male'),
('129', 'Anghel Luiza', '20', 'female'),
('130', 'Blidaru Nicoleta', '20', 'female'),
('131', 'Boldor Alexandra ', '20', 'female'),
('132', 'Budai Laura', '20', 'female'),
('133', 'Martin Raluca', '20', 'female'),
('134', 'Muthi Ionut', '20', 'male'),
('135', 'Palade Tudor', '20', 'male'),
('136', 'Rosca Alexandru', '20', 'male'),
('137', 'Visoian Mihai', '20', 'male'),
('138', 'Dragota Cosmina', '20', 'female'),
('139', 'Corocea Nicoleta', '20', 'female'),
('140', 'Baymuhanmedov Alemuhammet', '20', 'male'),
('141', 'Cearyagdyyul Ceamnar', '20', 'male'),
('142', 'Timis Petrica ', '20', 'male'),
('143', 'Nechifor Cosmin', '20', 'male'),
('144', 'Matei Vladut', '20', 'male'),
('145', 'Luca Andrei', '20', 'male'),
('146', 'Mercea Vanessa', '20', 'female'),
('147', 'Grec Mihai', '20', 'male'),
('148', 'Dumitrascu Dora', '20', 'female'),
('149', 'Ciceu Andreea Crina ', '20', 'female'),
('150', 'Goroana Loredana', '20', 'female'),
('151', 'Prunel Raluca', '20', 'female'),
('152', 'Socoleanu Stefan', '20', 'male'),
('153', 'Neamt Flaviu', '20', 'male'),
('154', 'Muresan Eduard', '20', 'male'),
('155', 'Bud Cristian', '20', 'male'),
('156', 'Bodea Alexandru', '20', 'male'),
('157', 'Dani Vlad Andrei', '20', 'male'),
('158', 'Farcas Paul', '20', 'male'),
('159', 'Bejan Diana', '20', 'female'),
('160', 'Nechiti Radu', '20', 'male'),
('161', 'Man Larisa Silvana', '20', 'female'),
('162', 'Dumitrache Iuliu Cristian', '20', 'male'),
('163', 'Beredici Dumitru', '20', 'male'),
('164', 'Zeic Naomi-Ioana', '20', 'female'),
('165', 'Lacatar Isabela', '20', 'female'),
('166', 'Miron Vlad', '20', 'male'),
('167', 'Tudorean Alexandru', '20', 'male'),
('168', 'Simionese Ioan Florin', '20', 'male'),
('169', 'Haidu Roxana', '20', 'female'),
('170', 'Sabo Adriana', '20', 'female'),
('171', 'Barb Cristian', '20', 'male'),
('172', 'Neag Ilie', '20', 'male'),
('173', 'Mateis Lavinia', '20', 'female'),
('174', 'Morar Sergiu', '20', 'male'),
('175', 'Almasan Victor', '20', 'male'),
('176', 'Nagy Imola ', '20', 'female'),
('177', 'Galeata Bianca', '20', 'female'),
('178', 'Brancoveanu Vlad', '20', 'male'),
('179', 'Barbu Alexandru', '20', 'male'),
('180', 'Vintu Robert Ionut', '20', 'male'),
('181', 'Rus Alexandru', '20', 'male'),
('182', 'Misin Anca', '20', 'female'),
('183', 'Plesa Gabriel', '20', 'male'),
('184', 'Saratea Catalin', '20', 'male'),
('185', 'Prodan Andreea', '20', 'female');
INSERT INTO `rng`.`subjects` (`id`, `email`, `age`, `gender`) VALUES ('186', 'Baciu Sebastian', '27', 'male');
INSERT INTO `rng`.`subjects` (`id`, `email`, `age`, `gender`) VALUES ('187', 'Baciu Bogdan', '25', 'male');
INSERT INTO `rng`.`subjects` (`id`, `email`, `age`, `gender`) VALUES ('188', 'Lucian Pohoata', '25', 'male');
INSERT INTO `rng`.`subjects` (`id`, `email`, `age`, `gender`) VALUES ('189', 'Dan Claudia', '23', 'female');



INSERT INTO samples (id, timestamp, id_subject, samples, id_test_category) VALUES
(1, '2017-05-27 12:10:20', 1, '5, 3, 3, 3, 1, 6, 5, 5, 3, 2, 2, 6, 4, 1, 5, 2, 4, 3, 6, 3, 2, 4, 1, 1, 1, 6, 2, 3, 5, 3', 2),
(2, '2017-05-27 12:10:34', '2', '3, 3, 3, 3, 3, 3, 3, 5, 5, 6, 1, 2, 4, 1, 2, 6, 4, 5, 2, 3, 4, 5, 6, 2, 4, 5, 2, 1, 2, 4', 2),
(3, '2017-05-27 12:14:19', '3', '3, 5, 3, 2, 6, 1, 4, 2, 3, 5, 3, 5, 6, 4, 3, 2, 3, 6, 2, 5, 1, 4, 3, 2, 6, 1, 6, 2, 4, 3', 2),
(4, '2017-05-27 12:14:21', '4', '6, 2, 4, 6, 3, 1, 1, 6, 4, 3, 4, 2, 6, 4, 2, 2, 4, 6, 2, 3, 2, 1, 6, 6, 2, 1, 3, 1, 2, 1', 2),
(5, '2017-05-27 12:18:08', '5', '2, 4, 5, 1, 2, 6, 2, 5, 4, 4, 4, 1, 2, 6, 1, 1, 3, 5, 2, 4, 1, 6, 6, 4, 2, 5, 2, 4, 1, 3', 2),
(6, '2017-05-27 12:19:28', '6', '6, 6, 6, 6, 6, 6, 6, 6, 6, 6, 6, 6, 6, 6, 6, 6, 6, 6, 6, 6, 6, 6, 6, 6, 6, 6, 6, 6, 6, 6', 2),
(7, '2017-05-27 12:19:37', '7', '6, 3, 4, 2, 3, 4, 5, 2, 4, 1, 3, 1, 6, 4, 2, 2, 2, 3, 1, 1, 1, 1, 1, 1, 5, 2, 2, 3, 4, 6', 2),
(8, '2017-05-27 12:19:39', '8', '5, 5, 2, 2, 1, 3, 2, 5, 5, 2, 1, 1, 3, 3, 2, 2, 5, 4, 6, 5, 1, 4, 2, 1, 5, 6, 1, 1, 4, 5', 2),
(9, '2017-05-27 12:24:40', '9', '2, 4, 1, 6, 2, 5, 3, 6, 3, 1, 5, 2, 6, 3, 2, 3, 5, 6, 3, 1, 3, 5, 6, 2, 1, 3, 2, 5, 3, 6', 2),
(10, '2017-05-27 12:30:52', '10', '4, 1, 2, 6, 3, 5, 1, 2, 6, 4, 5, 2, 3, 5, 6, 4, 3, 1, 5, 3, 6, 4, 2, 4, 5, 6, 1, 2, 3, 6', 2),
(11, '2017-05-27 12:46:12', '11', '6, 3, 5, 1, 6, 2, 4, 6, 1, 2, 4, 3, 5, 6, 1, 4, 5, 2, 3, 2, 6, 5, 2, 4, 6, 6, 2, 3, 1, 6', 2),
(12, '2017-05-27 1:01:19', '12', '1, 2, 3, 4, 5, 6, 1, 2, 3, 4, 5, 6, 3, 2, 3, 4, 2, 3, 4, 5, 3, 4, 5, 3, 4, 3, 4, 3, 5, 2', 2),
(13, '2017-05-27 1:05:44', '13', '2, 4, 3, 2, 1, 5, 4, 2, 3, 2, 2, 2, 2, 2, 1, 4, 3, 5, 2, 1, 2, 5, 2, 1, 2, 3, 5, 4, 3, 2', 2),
(14, '2017-05-27 1:06:15', '14', '3, 3, 3, 6, 6, 6, 1, 1, 1, 3, 3, 3, 6, 6, 6, 4, 3, 2, 5, 3, 5, 1, 2, 4, 3, 2, 4, 5, 6, 1', 2),
(15, '2017-05-27 1:28:41', '15', '5, 2, 6, 2, 5, 1, 3, 4, 5, 2, 6, 3, 1, 1, 4, 6, 2, 2, 5, 1, 1, 4, 3, 5, 2, 1, 4, 6, 2, 1', 2),
(16, '2017-05-27 1:48:00', '16', '4, 4, 4, 5, 4, 6, 3, 2, 4, 1, 3, 5, 6, 2, 1, 6, 4, 2, 5, 1, 4, 3, 6, 2, 1, 5, 2, 3, 4, 4', 2),
(17, '2017-05-27 3:00:11', '17', '1, 4, 2, 2, 5, 6, 6, 1, 5, 3, 4, 5, 2, 4, 4, 1, 5, 3, 4, 1, 5, 2, 4, 6, 4, 4, 1, 2, 3, 4', 2),
(18, '2017-05-27 3:24:40', '18', '5, 4, 6, 5, 3, 4, 6, 2, 5, 5, 3, 6, 5, 3, 5, 1, 6, 2, 3, 4, 3, 5, 2, 6, 1, 5, 2, 4, 3, 5', 2),
(19, '2017-05-27 3:52:14', '19', '6, 5, 1, 3, 3, 6, 4, 1, 1, 1, 5, 6, 1, 2, 3, 4, 1, 1, 6, 6, 2, 1, 4, 5, 6, 1, 6, 1, 6, 1', 2),
(20, '2017-05-27 3:55:37', '20', '6, 4, 2, 5, 3, 1, 4, 3, 5, 2, 6, 1, 2, 4, 6, 1, 4, 6, 5, 2, 1, 3, 4, 5, 3, 6, 4, 2, 1, 6', 2),
(21, '2017-05-27 3:58:59', '21', '5, 3, 2, 1, 5, 3, 6, 4, 3, 3, 1, 2, 6, 5, 3, 4, 5, 2, 6, 5, 3, 5, 1, 3, 5, 6, 3, 5, 2, 3', 2),
(22, '2017-05-27 7:07:15', '22', '5, 2, 1, 6, 3, 2, 5, 2, 1, 5, 6, 5, 4, 3, 2, 1, 5, 1, 2, 5, 2, 6, 4, 2, 1, 5, 2, 4, 5, 1', 2),
(23, '2017-05-27 8:21:14', '23', '4, 2, 6, 3, 2, 4, 5, 2, 6, 3, 1, 2, 1, 6, 3, 3, 4, 2, 4, 6, 1, 2, 3, 4, 5, 6, 1, 2, 2, 4', 2),
(24, '2017-05-27 9:07:07', '24', '3, 6, 1, 5, 2, 4, 4, 5, 2, 6, 1, 3, 5, 2, 4, 1, 6, 6, 6, 2, 4, 5, 1, 5, 4, 2, 6, 1, 3, 5', 2),
(25, '2017-05-28 11:09:06', '25', '5, 3, 6, 2, 5, 6, 2, 4, 6, 2, 5, 3, 1, 5, 6, 3, 6, 2, 3, 5, 5, 5, 6, 1, 3, 2, 5, 6, 4, 4', 2),
(26, '2017-05-28 6:58:51', '26', '1, 4, 6, 2, 4, 1, 2, 5, 6, 1, 2, 3, 4, 5, 6, 2, 4, 6, 1, 2, 3, 6, 2, 2, 4, 1, 5, 6, 3, 3', 2),
(27, '2017-05-29 9:36:17', '27', '3, 4, 3, 6, 2, 4, 5, 1, 6, 2, 5, 4, 1, 6, 5, 2, 4, 1, 6, 2, 5, 4, 1, 2, 5, 6, 2, 3, 1, 5', 2),
(28, '2017-05-29 10:09:15', '28', '3, 1, 5, 1, 4, 6, 4, 1, 5, 2, 6, 3, 1, 4, 5, 1, 2, 5, 6, 2, 4, 1, 5, 4, 1, 6, 3, 5, 2, 3', 2),
(29, '2017-05-29 12:40:29', '29', '5, 2, 1, 1, 3, 1, 5, 2, 3, 2, 5, 5, 3, 6, 6, 1, 2, 2, 5, 3, 1, 3, 1, 5, 5, 3, 6, 6, 5, 1', 2),
(30, '2017-05-29 5:19:19', '30', '5, 5, 5, 6, 5, 4, 5, 6, 2, 5, 5, 5, 6, 4, 5, 5, 6, 1, 2, 4, 5, 5, 4, 5, 6, 3, 4, 5, 1, 1', 2),
(31, '2017-05-29 5:19:20', '31', '3, 6, 1, 3, 2, 4, 3, 2, 3, 4, 1, 2, 6, 1, 3, 4, 2, 2, 1, 2, 2, 3, 2, 3, 2, 1, 6, 3, 4, 2', 2),
(32, '2017-05-30 7:24:00', '32', '2, 5, 3, 2, 6, 5, 4, 1, 2, 3, 2, 5, 4, 6, 1, 5, 3, 2, 4, 2, 6, 5, 6, 1, 2, 5, 1, 4, 2, 6', 2),
(33, '2017-05-31 9:36:53', '33', '4, 2, 1, 3, 5, 6, 6, 2, 3, 1, 1, 1, 2, 3, 4, 2, 3, 5, 6, 3, 1, 5, 3, 4, 4, 6, 1, 6, 3, 4', 2),
(34, '2017-05-31 9:37:54', '34', '6, 3, 2, 4, 1, 6, 2, 3, 4, 1, 6, 2, 3, 6, 1, 3, 2, 5, 3, 6, 2, 5, 3, 1, 4, 1, 6, 2, 5, 3', 2),
(35, '2017-06-03 6:09:35', '35', '2, 3, 4, 2, 5, 1, 2, 6, 2, 3, 2, 3, 2, 2, 6, 2, 2, 2, 2, 2, 2, 2, 2, 2, 2, 2, 2, 3, 3, 4', 2),
(36, '2017-06-03 9:43:39', '36', '6, 5, 4, 3, 2, 1, 1, 2, 3, 4, 5, 6, 6, 5, 4, 3, 2, 1, 1, 2, 3, 4, 5, 6, 6, 5, 4, 3, 2, 1', 2),
(37, '2017-06-03 9:45:42', '37', '3, 4, 2, 5, 5, 2, 3, 2, 6, 1, 2, 3, 2, 3, 4, 3, 4, 5, 4, 3, 4, 5, 4, 3, 4, 5, 6, 1, 2, 1', 2),
(38, '2017-06-03 9:48:17', '38', '5, 3, 6, 2, 1, 4, 5, 2, 5, 6, 1, 6, 3, 4, 2, 5, 3, 4, 1, 6, 1, 2, 3, 6, 5, 4, 2, 5, 4, 6', 2),
(39, '2017-06-03 9:57:37', '39', '5, 6, 2, 3, 6, 1, 4, 2, 6, 1, 3, 4, 6, 1, 2, 4, 6, 1, 3, 5, 3, 6, 1, 3, 5, 4, 6, 1, 5, 2', 2),
(40, '2017-06-03 10:01:29', '40', '5, 3, 2, 4, 6, 1, 2, 3, 5, 2, 5, 1, 4, 2, 3, 1, 6, 4, 3, 5, 1, 6, 4, 2, 5, 1, 6, 4, 1, 4', 2),
(41, '2017-06-03 10:06:34', '41', '2, 3, 5, 6, 4, 1, 4, 3, 2, 6, 1, 3, 5, 3, 1, 4, 2, 6, 3, 1, 2, 5, 3, 1, 6, 5, 4, 2, 1, 3', 2),
(42, '2017-06-03 10:07:24', '42', '4, 3, 2, 1, 5, 6, 2, 3, 1, 6, 3, 5, 2, 4, 1, 4, 3, 2, 6, 4, 2, 3, 1, 5, 4, 3, 6, 5, 4, 3', 2),
(43, '2017-06-03 10:07:48', '43', '4, 3, 2, 1, 5, 6, 2, 3, 1, 6, 3, 5, 2, 4, 1, 4, 3, 2, 6, 4, 2, 3, 1, 5, 4, 3, 6, 5, 4, 3', 2),
(44, '2017-06-03 10:11:48', '44', '3, 4, 5, 1, 6, 2, 4, 1, 6, 3, 1, 5, 6, 3, 3, 6, 1, 3, 5, 3, 5, 3, 1, 6, 4, 3, 2, 5, 6, 2', 2),
(45, '2017-06-06 10:23:14', '45', '3, 6, 4, 2, 1, 5, 4, 3, 2, 1, 6, 1, 2, 3, 4, 5, 6, 6, 5, 4, 3, 2, 1, 3, 6, 3, 6, 3, 6, 3', 2),
(46, '2017-06-06 10:23:36', '46', '3, 1, 5, 2, 6, 4, 2, 4, 3, 6, 3, 2, 1, 3, 5, 6, 3, 6, 1, 4, 2, 5, 3, 1, 5, 2, 3, 1, 4, 6', 2),
(47, '2017-06-06 10:27:21', '47', '4, 2, 5, 6, 4, 1, 5, 4, 5, 2, 6, 4, 2, 5, 2, 4, 3, 1, 6, 3, 1, 5, 3, 2, 6, 4, 1, 5, 2, 4', 2),
(48, '2017-06-06 10:31:43', '48', '6, 3, 2, 5, 4, 6, 2, 1, 5, 6, 3, 1, 1, 5, 4, 2, 2, 5, 1, 4, 6, 2, 6, 1, 3, 5, 1, 3, 4, 2', 2),
(49, '2017-06-06 10:31:44', '49', '3, 6, 3, 5, 1, 2, 3, 3, 3, 6, 1, 2, 2, 3, 3, 5, 2, 3, 3, 1, 5, 3, 4, 5, 6, 3, 2, 3, 1, 4', 2),
(50, '2017-06-06 10:35:23', '50', '2, 4, 2, 5, 3, 2, 5, 6, 3, 5, 5, 3, 6, 2, 3, 4, 5, 6, 4, 2, 4, 5, 6, 4, 2, 4, 6, 4, 1, 4', 2),
(51, '2017-06-06 10:36:46', '51', '3, 1, 5, 3, 2, 4, 3, 5, 5, 1, 1, 1, 3, 3, 5, 3, 5, 5, 3, 3, 1, 1, 5, 1, 1, 3, 5, 3, 5, 3', 2),
(52, '2017-06-06 10:38:14', '52', '6, 3, 5, 6, 2, 6, 4, 2, 3, 5, 4, 1, 5, 3, 2, 1, 6, 2, 4, 3, 5, 1, 6, 3, 6, 5, 1, 4, 2, 3', 2),
(53, '2017-06-06 10:45:11', '53', '5, 4, 6, 1, 3, 2, 1, 5, 3, 6, 3, 2, 5, 1, 6, 5, 1, 4, 1, 5, 6, 2, 4, 6, 1, 5, 3, 2, 6, 1', 2),
(54, '2017-06-06 10:47:13', '54', '6, 4, 2, 3, 5, 1, 5, 4, 6, 3, 2, 5, 4, 6, 2, 1, 4, 5, 3, 4, 2, 6, 1, 2, 4, 1, 6, 3, 4, 3', 2),
(55, '2017-06-06 10:49:27', '55', '6, 3, 1, 3, 4, 5, 4, 6, 1, 3, 4, 5, 1, 3, 6, 3, 5, 1, 5, 1, 6, 3, 1, 5, 5, 2, 6, 4, 1, 6', 2),
(56, '2017-06-06 10:55:09', '56', '4, 1, 6, 3, 2, 5, 2, 4, 1, 5, 1, 4, 6, 2, 4, 3, 1, 6, 1, 3, 5, 2, 4, 6, 1, 2, 3, 4, 6, 1', 2),
(57, '2017-06-06 10:58:20', '57', '4, 2, 6, 1, 3, 5, 6, 4, 2, 5, 3, 1, 2, 3, 4, 5, 6, 1, 5, 1, 3, 2, 4, 6, 2, 6, 4, 5, 1, 3', 2),
(58, '2017-06-06 11:14:20', '58', '3, 2, 1, 4, 5, 6, 3, 2, 1, 4, 5, 6, 3, 2, 1, 4, 5, 6, 3, 2, 1, 4, 5, 6, 3, 2, 1, 4, 5, 6', 2),
(59, '2017-06-06 11:15:13', '59', '4, 1, 6, 2, 4, 3, 5, 1, 5, 3, 3, 4, 2, 6, 5, 3, 1, 3, 4, 6, 1, 2, 5, 6, 4, 3, 4, 1, 5, 3', 2),
(60, '2017-06-06 11:25:10', '60', '4, 3, 4, 5, 3, 1, 5, 4, 6, 6, 5, 4, 3, 2, 1, 3, 2, 2, 5, 4, 6, 5, 4, 6, 2, 3, 4, 3, 5, 1', 2),
(61, '2017-06-06 11:28:09', '61', '3, 2, 4, 5, 1, 3, 5, 6, 3, 1, 4, 2, 1, 2, 3, 4, 5, 6, 5, 4, 3, 2, 1, 4, 2, 6, 5, 3, 1, 4', 2),
(62, '2017-06-06 11:46:25', '62', '4, 2, 5, 3, 6, 4, 2, 1, 6, 4, 2, 6, 1, 5, 3, 6, 1, 4, 3, 3, 3, 5, 2, 6, 1, 4, 6, 2, 4, 2', 2),
(63, '2017-06-06 12:05:02', '63', '5, 5, 2, 6, 1, 5, 2, 4, 3, 6, 1, 6, 2, 4, 6, 1, 3, 6, 2, 5, 4, 1, 5, 4, 3, 5, 5, 1, 3, 6', 2),
(64, '2017-06-06 12:14:58', '64', '4, 3, 6, 1, 3, 4, 5, 6, 2, 4, 3, 1, 6, 4, 3, 2, 5, 6, 1, 3, 4, 5, 6, 2, 1, 3, 4, 5, 1, 3', 2),
(65, '2017-06-06 12:18:49', '65', '6, 4, 5, 1, 3, 2, 1, 3, 5, 1, 4, 4, 2, 6, 3, 4, 2, 6, 4, 2, 6, 4, 3, 1, 6, 4, 1, 4, 2, 3', 2),
(66, '2017-06-06 3:24:01', '66', '3, 3, 3, 3, 3, 3, 3, 3, 3, 3, 3, 5, 5, 5, 5, 5, 5, 5, 5, 5, 5, 5, 5, 5, 5, 5, 5, 5, 5, 5', 2),
(67, '2017-06-06 4:01:31', '67', '4, 2, 4, 2, 1, 1, 4, 2, 5, 5, 3, 5, 1, 2, 4, 6, 1, 3, 1, 2, 1, 3, 1, 4, 1, 5, 1, 6, 1, 4', 2),
(68, '2017-06-06 4:04:55', '68', '5, 2, 6, 1, 4, 3, 1, 5, 6, 2, 4, 5, 1, 6, 3, 1, 5, 6, 2, 3, 2, 1, 6, 3, 2, 4, 5, 2, 2, 5', 2),
(69, '2017-06-06 5:54:46', '69', '4, 2, 5, 1, 6, 3, 1, 2, 3, 4, 5, 6, 2, 1, 4, 3, 5, 6, 1, 6, 2, 5, 3, 4, 3, 4, 5, 6, 1, 2', 2),
(70, '2017-06-06 7:44:51', '70', '2, 3, 2, 4, 5, 4, 1, 6, 2, 3, 4, 6, 2, 4, 5, 4, 5, 3, 3, 5, 4, 2, 3, 4, 3, 4, 6, 1, 5, 5', 2),
(71, '2017-06-06 8:06:38', '71', '6, 4, 3, 2, 5, 4, 4, 2, 5, 3, 3, 1, 5, 6, 3, 3, 4, 2, 4, 1, 6, 3, 4, 2, 3, 3, 4, 1, 4, 4', 2),
(72, '2017-06-06 8:26:02', '72', '3, 5, 2, 6, 1, 6, 4, 4, 1, 2, 5, 2, 6, 1, 2, 1, 5, 4, 6, 5, 6, 4, 4, 2, 6, 2, 6, 5, 5, 4', 2),
(73, '2017-06-06 8:55:47', '73', '6, 4, 2, 3, 1, 5, 2, 2, 3, 6, 5, 1, 5, 4, 1, 6, 2, 4, 3, 5, 1, 1, 6, 3, 5, 1, 4, 2, 3, 6', 2),
(74, '2017-06-06 9:58:57', '74', '2, 4, 1, 5, 3, 6, 1, 3, 6, 2, 5, 3, 6, 5, 4, 4, 5, 2, 3, 3, 2, 1, 6, 5, 4, 3, 2, 1, 2, 3', 2),
(75, '2017-06-06 11:01:37', '75', '5, 6, 1, 2, 3, 4, 5, 1, 1, 1, 2, 2, 3, 2, 4, 5, 1, 2, 3, 5, 2, 2, 4, 2, 3, 2, 3, 4, 2, 5', 2),
(76, '2017-06-07 10:28:47', '76', '4, 2, 6, 5, 3, 1, 2, 3, 4, 1, 6, 2, 3, 4, 5, 1, 3, 3, 5, 4, 6, 2, 3, 1, 4, 3, 6, 2, 4, 5', 2),
(77, '2017-06-07 10:29:27', '77', '5, 3, 5, 2, 6, 3, 1, 1, 4, 6, 2, 4, 6, 6, 6, 1, 3, 2, 5, 4, 2, 6, 5, 1, 2, 1, 2, 3, 4, 5', 2),
(78, '2017-06-07 10:46:31', '78', '4, 5, 6, 3, 2, 1, 2, 4, 3, 4, 3, 6, 5, 2, 1, 2, 3, 4, 5, 6, 1, 2, 3, 4, 5, 6, 1, 2, 3, 4', 2),
(79, '2017-06-07 11:07:23', '79', '6, 4, 3, 5, 2, 1, 6, 4, 3, 5, 2, 1, 6, 4, 5, 2, 1, 6, 4, 3, 5, 2, 1, 6, 4, 3, 5, 2, 1, 6', 2),
(80, '2017-06-07 11:12:43', '80', '6, 3, 1, 5, 2, 4, 6, 4, 2, 5, 3, 1, 6, 4, 2, 5, 3, 1, 2, 3, 1, 4, 6, 3, 5, 4, 1, 2, 4, 3', 2),
(81, '2017-06-07 11:12:57', '81', '5, 6, 5, 4, 5, 5, 6, 4, 5, 6, 4, 5, 5, 4, 6, 5, 4, 3, 5, 6, 5, 6, 5, 5, 4, 5, 5, 6, 6, 5', 2),
(82, '2017-06-07 11:21:32', '82', '4, 3, 6, 1, 3, 2, 5, 4, 6, 5, 6, 3, 1, 4, 2, 5, 6, 6, 1, 4, 5, 2, 3, 3, 3, 6, 4, 1, 2, 1', 2),
(83, '2017-06-07 11:35:21', '83', '4, 5, 1, 6, 2, 4, 1, 5, 4, 3, 6, 2, 1, 4, 5, 1, 3, 2, 5, 6, 1, 2, 3, 5, 6, 2, 3, 1, 3, 5', 2),
(84, '2017-06-07 11:45:43', '84', '4, 6, 2, 1, 4, 6, 2, 1, 4, 6, 2, 1, 4, 6, 2, 1, 4, 6, 1, 2, 4, 6, 2, 1, 4, 6, 4, 2, 1, 6', 2),
(85, '2017-06-07 11:49:35', '85', '3, 5, 1, 6, 2, 4, 2, 4, 6, 2, 4, 3, 1, 5, 2, 5, 6, 2, 4, 1, 5, 3, 4, 2, 6, 2, 1, 2, 3, 4', 2),
(86, '2017-06-07 11:56:45', '86', '5, 4, 2, 3, 6, 6, 6, 5, 4, 1, 5, 6, 6, 3, 1, 5, 5, 1, 4, 4, 1, 4, 6, 5, 1, 2, 6, 2, 3, 6', 2),
(87, '2017-06-07 11:58:25', '87', '4, 2, 6, 1, 3, 5, 2, 4, 1, 3, 6, 1, 4, 2, 6, 2, 5, 3, 4, 1, 6, 2, 5, 4, 3, 6, 2, 5, 1, 4', 2),
(88, '2017-06-07 2:41:53', '88', '1, 1, 2, 1, 3, 1, 1, 1, 5, 1, 3, 1, 1, 1, 1, 1, 5, 1, 1, 6, 6, 3, 1, 1, 1, 1, 1, 1, 1, 6', 2),
(89, '2017-06-07 2:50:48', '89', '1, 2, 3, 4, 5, 6, 1, 2, 3, 4, 5, 6, 1, 2, 3, 4, 5, 3, 6, 5, 6, 3, 5, 1, 4, 6, 2, 3, 6, 5', 2),
(90, '2017-06-07 3:02:28', '90', '3, 1, 6, 4, 4, 2, 5, 2, 2, 2, 2, 4, 5, 1, 5, 1, 3, 3, 1, 3, 4, 4, 1, 1, 2, 2, 2, 4, 5, 1', 2),
(91, '2017-06-07 3:05:03', '91', '5, 4, 3, 2, 1, 3, 2, 4, 5, 2, 3, 1, 6, 2, 1, 4, 6, 1, 2, 3, 5, 1, 6, 1, 2, 3, 4, 5, 6, 5', 2),
(92, '2017-06-07 7:02:27', '92', '5, 4, 6, 1, 2, 5, 2, 6, 1, 3, 5, 4, 6, 5, 4, 3, 3, 2, 5, 4, 5, 2, 5, 6, 2, 1, 2, 4, 2, 6', 2),
(93, '2017-06-07 7:11:14', '93', '4, 2, 6, 1, 5, 3, 6, 4, 3, 1, 4, 6, 1, 4, 2, 6, 1, 4, 3, 2, 6, 1, 2, 4, 3, 6, 3, 5, 1, 4', 2),
(94, '2017-06-07 7:40:12', '94', '5, 1, 6, 5, 1, 2, 2, 2, 5, 4, 3, 3, 2, 6, 2, 3, 3, 1, 2, 6, 4, 4, 5, 5, 5, 5, 2, 2, 1, 1', 2),
(95, '2017-06-07 10:09:36', '95', '4, 2, 2, 2, 6, 5, 6, 1, 3, 4, 6, 2, 2, 2, 1, 3, 5, 3, 1, 5, 6, 1, 2, 1, 2, 2, 3, 6, 4, 4', 2),
(96, '2017-06-10 1:14:46', '96', '3, 1, 6, 2, 3, 1, 6, 1, 3, 3, 6, 1, 1, 3, 6, 1, 3, 6, 1, 3, 3, 1, 1, 1, 3, 1, 3, 1, 6, 3', 2),
(97, '2017-06-11 1:34:27', '97', '5, 5, 5, 5, 5, 5, 5, 5, 5, 5, 5, 5, 5, 5, 5, 5, 5, 5, 5, 5, 5, 5, 5, 5, 5, 5, 5, 5, 5, 5', 2),
(98, '2017-06-11 2:13:13', '98', '1, 5, 6, 2, 4, 4, 5, 2, 1, 4, 6, 1, 3, 6, 2, 4, 1, 5, 6, 3, 2, 1, 6, 4, 2, 4, 1, 6, 3, 5', 2),
(99, '2017-06-13 3:33:57', '99', '3, 1, 5, 3, 6, 1, 3, 4, 3, 6, 1, 4, 2, 5, 1, 4, 6, 2, 1, 4, 2, 5, 1, 4, 2, 6, 4, 5, 3, 3', 2),
(100, '2017-06-14 5:28:49', '100', '3, 4, 2, 6, 1, 2, 5, 3, 4, 6, 2, 3, 5, 3, 3, 6, 1, 3, 5, 6, 5, 1, 3, 5, 3, 2, 6, 1, 4, 5', 2),
(101, '2017-05-27 12:10:20', '1', '5,  4,  7,  9,  2,  1,  1, 3, 5, 5, 8, 6, 4, 7, 6, 5, 1, 2, 4, 2, 9, 1, 3, 5, 1, 1, 7, 4, 3, 6, 8, 6, 5, 6, 5, 6, 1, 3, 2, 4, 1, 7, 8, 9, 3, 2, 8, 5, 7, 6, 6, 3, 9, 2, 4, 6, 8, 2, 1, 6, 7, 7, 3, 5, 2, 1, 9, 7, 4, 3, 6, 9, 3, 1, 6, 5, 2, 7, 9, 7, 4, 7, 2, 1, 9, 8, 7, 5, 4, 3, 4, 9, 2, 4, 5, 6, 1, 8, 9, 2, ', 2),
(102, '2017-05-27 12:10:34', '2', '1, 1, 1, 1, 1, 1, 1, 1, 1, 1, 2, 2, 3, 4, 2, 1, 1, 1, 1, 1, 4, 4, 4, 4, 4, 4, 4, 4, 4, 4, 4, 4, 4, 4, 4, 4, 4, 4, 4, 4, 4, 4, 4, 4, 4, 4, 4, 4, 4, 4, 4, 4, 4, 4, 4, 4, 4, 4, 4, 4, 4, 4, 4, 4, 4, 4, 4, 4, 4, 4, 4, 4, 4, 4, 4, 4, 4, 4, 4, 4, 4, 4, 4, 4, 4, 4, 4, 4, 4, 4, 4, 4, 4, 4, 4, 4, 4, 4, 4, 4, ', 2),
(103, '2017-05-27 12:14:19', '3', '3, 4, 1, 2, 6, 7, 3, 5, 9, 8, 5, 7, 1, 3, 7, 3, 9, 8, 3, 5, 2, 3, 1, 6, 3, 8, 2, 9, 8, 5, 4, 6, 1, 4, 2, 5, 6, 2, 3, 8, 3, 5, 7, 9, 1, 3, 4, 2, 6, 8, 2, 7, 4, 1, 5, 2, 9, 8, 6, 7, 4, 2, 5, 1, 6, 3, 7, 8, 4, 3, 3, 5, 2, 5, 2, 6, 8, 9, 5, 1, 6, 5, 6, 4, 2, 9, 1, 8, 2, 1, 3, 6, 1, 7, 2, 8, 3, 9, 1, 8, ', 2),
(104, '2017-05-27 12:14:21', '4', '1, 2, 6, 3, 2, 6, 4, 1, 3, 4, 2, 3, 1, 4, 1, 2, 6, 4, 2, 3, 2, 2, 4, 3, 2, 1, 2, 1, 3, 6, 2, 3, 4, 1, 6, 4, 3, 3, 2, 1, 2, 3, 1, 4, 2, 1, 3, 6, 3, 2, 2, 3, 4, 1, 4, 2, 1, 6, 4, 2, 2, 1, 3, 4, 2, 3, 4, 1, 2, 3, 3, 2, 1, 4, 3, 2, 4, 3, 6, 1, 6, 4, 6, 3, 6, 3, 2, 1, 3, 2, 3, 2, 4, 1, 3, 2, 4, 1, 6, 3, ', 2),
(105, '2017-05-27 12:18:08', '5', '5, 4, 7, 9, 2, 1, 2, 2, 4, 5, 7, 8, 8, 5, 2, 1, 4, 6, 3, 2, 1, 2, 3, 8, 6, 5, 4, 2, 1, 4, 5, 4, 6, 9, 2, 3, 4, 4, 5, 7, 4, 6, 8, 9, 5, 2, 3, 4, 7, 8, 7, 8, 9, 5, 2, 1, 6, 3, 4, 5, 4, 5, 6, 9, 8, 1, 2, 3, 6, 5, 1, 8, 6, 4, 3, 2, 1, 4, 5, 8, 4, 5, 8, 2, 3, 9, 6, 1, 7, 4, 3, 6, 9, 8, 5, 6, 9, 5, 2, 1, ', 2),
(106, '2017-05-27 12:19:28', '6', '6, 6, 6, 6, 6, 6, 6, 6, 6, 6, 6, 6, 6, 6, 6, 6, 6, 6, 6, 6, 6, 6, 6, 6, 6, 6, 6, 6, 6, 6, 6, 6, 6, 6, 6, 6, 6, 6, 6, 6, 6, 6, 6, 6, 6, 6, 6, 6, 6, 6, 6, 6, 6, 6, 6, 6, 6, 6, 6, 6, 6, 6, 6, 6, 6, 6, 6, 6, 6, 6, 6, 6, 6, 6, 6, 6, 6, 6, 6, 6, 6, 6, 6, 6, 6, 6, 6, 6, 6, 6, 6, 6, 6, 6, 6, 6, 6, 6, 6, 6, ', 2),
(107, '2017-05-27 12:19:37', '7', '1, 2, 3, 4, 5, 6, 9, 2, 5, 3, 9, 5, 2, 1, 4, 7, 8, 6, 3, 2, 1, 2, 5, 6, 3, 9, 6, 5, 4, 7, 5, 4, 5, 2, 8, 6, 1, 8, 9, 1, 5, 2, 4, 8, 6, 3, 2, 4, 8, 2, 9, 6, 1, 7, 3, 6, 2, 5, 3, 4, 8, 6, 8, 1, 4, 2, 3, 6, 7, 4, 9, 5, 8, 6, 1, 6, 1, 2, 3, 4, 9, 5, 8, 4, 2, 5, 6, 3, 7, 1, 8, 9, 5, 4, 1, 3, 2, 2, 5, 3, ', 2),
(108, '2017-05-27 12:19:39', '8', '2, 2, 1, 4, 6, 7, 4, 3, 9, 7, 7, 2, 4, 3, 3, 1, 8, 9, 4, 8, 8, 3, 2, 4, 3, 3, 6, 7, 5, 4, 1, 1, 2, 4, 9, 9, 7, 6, 5, 4, 2, 3, 2, 4, 4, 7, 6, 4, 1, 9, 9, 7, 3, 2, 1, 6, 7, 5, 3, 4, 9, 8, 8, 7, 5, 2, 8, 3, 4, 7, 7, 2, 3, 5, 1, 1, 7, 8, 3, 6, 8, 6, 3, 4, 4, 3, 3, 5, 5, 7, 2, 3, 2, 1, 1, 4, 7, 8, 3, 7, ', 2),
(109, '2017-05-27 12:24:40', '9', '1, 3, 2, 7, 6, 5, 9, 8, 2, 4, 1, 4, 6, 7, 9, 8, 2, 4, 6, 7, 2, 3, 5, 7, 6, 3, 1, 9, 8, 1, 3, 5, 6, 9, 1, 3, 2, 2, 6, 8, 1, 3, 4, 6, 7, 2, 8, 9, 4, 2, 3, 2, 9, 7, 6, 5, 4, 5, 1, 3, 2, 4, 5, 8, 6, 9, 3, 5, 2, 1, 7, 5, 2, 3, 5, 4, 1, 9, 8, 2, 3, 2, 5, 7, 9, 8, 1, 7, 3, 6, 3, 6, 8, 1, 9, 7, 8, 2, 3, 4, ', 2),
(110, '2017-05-27 12:30:52', '10', '3, 5, 7, 6, 4, 1, 2, 5, 8, 9, 1, 3, 5, 6, 7, 3, 2, 4, 7, 9, 7, 6, 9, 4, 5, 3, 2, 1, 6, 4, 1, 4, 6, 7, 8, 9, 6, 4, 5, 6, 1, 9, 8, 5, 6, 4, 8, 3, 4, 5, 2, 4, 5, 2, 7, 8, 9, 4, 5, 3, 2, 4, 5, 3, 6, 7, 8, 5, 9, 5, 1, 4, 6, 5, 4, 8, 8, 9, 4, 5, 1, 2, 3, 6, 8, 2, 4, 6, 5, 9, 8, 6, 4, 5, 8, 4, 3, 6, 7, 9, ', 2),
(111, '2017-05-27 12:46:12', '11', '8, 1, 5, 9, 6, 3, 7, 3, 6, 2, 6, 1, 8, 4, 3, 8, 5, 2, 7, 9, 1, 3, 9, 7, 5, 2, 1, 5, 3, 7, 5, 2, 6, 1, 9, 4, 7, 3, 1, 8, 2, 4, 8, 5, 9, 1, 7, 2, 6, 4, 3, 5, 2, 8, 1, 6, 9, 3, 5, 1, 4, 7, 9, 2, 5, 1, 7, 3, 9, 1, 3, 6, 1, 8, 2, 6, 4, 9, 7, 1, 9, 3, 5, 1, 7, 2, 4, 8, 1, 5, 5, 1, 7, 3, 2, 6, 9, 4, 5, 2, ', 2),
(112, '2017-05-27 1:01:19', '12', '2, 3, 4, 5, 6, 7, 8, 8, 2, 3, 1, 2, 3, 4, 5, 4, 6, 7, 8, 9, 2, 3, 4, 5, 7, 6, 8, 9, 3, 2, 1, 2, 3, 4, 5, 6, 7, 8, 9, 4, 4, 5, 6, 3, 2, 1, 6, 7, 8, 9, 5, 4, 6, 3, 2, 7, 6, 5, 8, 9, 4, 5, 6, 7, 8, 9, 8, 3, 2, 1, 1, 2, 3, 4, 5, 6, 7, 8, 9, 5, 3, 2, 4, 5, 6, 7, 8, 5, 6, 4, 5, 4, 6, 6, 5, 7, 5, 8, 7, 9, ', 2),
(113, '2017-05-27 1:05:44', '13', '2, 8, 1, 7, 1, 8, 1, 5, 2, 4, 2, 8, 1, 7, 1, 8, 1, 5, 2, 4, 2, 8, 1, 7, 1, 8, 1, 5, 2, 4, 2, 8, 1, 7, 1, 8, 1, 5, 2, 4, 2, 8, 1, 7, 1, 5, 1, 8, 2, 4, 2, 8, 1, 7, 1, 8, 1, 5, 2, 4, 2, 8, 1, 7, 1, 8, 1, 5, 2, 4, 2, 8, 1, 7, 1, 8, 1, 5, 2, 4, 2, 8, 1, 7, 1, 8, 1, 5, 2, 4, 2, 8, 1, 7, 1, 8, 1, 5, 2, 4, ', 2),
(114, '2017-05-27 1:06:15', '14', '1, 9, 4, 2, 7, 1, 7, 1, 2, 5, 9, 8, 5, 6, 2, 3, 1, 4, 7, 5, 8, 5, 2, 9, 6, 3, 7, 4, 1, 5, 7, 8, 9, 4, 5, 6, 3, 2, 1, 4, 1, 5, 9, 7, 5, 3, 8, 4, 2, 6, 3, 2, 1, 4, 5, 6, 9, 8, 7, 1, 3, 6, 9, 8, 5, 2, 5, 8, 9, 6, 1, 5, 4, 7, 8, 6, 3, 9, 5, 2, 3, 5, 6, 9, 8, 7, 4, 1, 2, 5, 2, 5, 8, 9, 6, 3, 1, 4, 7, 5, ', 2),
(115, '2017-05-27 1:28:41', '15', '7, 5, 4, 3, 2, 1, 9, 8, 5, 7, 8, 6, 4, 5, 2, 9, 8, 1, 6, 3, 1, 2, 3, 4, 5, 6, 7, 8, 9, 6, 6, 7, 8, 5, 4, 3, 2, 5, 1, 7, 8, 7, 6, 5, 4, 3, 4, 5, 6, 3, 9, 8, 7, 8, 6, 4, 3, 5, 3, 2, 1, 5, 2, 7, 9, 5, 9, 4, 3, 2, 4, 7, 8, 9, 9, 4, 2, 3, 7, 8, 2, 5, 4, 7, 9, 9, 8, 7, 3, 1, 7, 5, 6, 4, 2, 1, 9, 6, 2, 2, ', 2),
(116, '2017-05-27 1:48:00', '16', '4, 7, 8, 9, 4, 5, 3, 2, 1, 4, 4, 5, 6, 7, 8, 1, 2, 3, 9, 4, 5, 4, 6, 5, 7, 5, 8, 5, 9, 5, 3, 2, 1, 4, 9, 8, 7, 6, 5, 5, 1, 3, 6, 5, 7, 8, 5, 4, 3, 9, 1, 5, 6, 7, 8, 9, 3, 2, 4, 5, 2, 3, 6, 8, 5, 7, 1, 9, 2, 5, 7, 8, 4, 5, 2, 3, 1, 7, 9, 5, 3, 5, 4, 2, 7, 6, 9, 1, 3, 6, 8, 9, 3, 5, 2, 4, 6, 8, 7, 5, ', 2),
(117, '2017-05-27 3:00:11', '17', '7, 7, 7, 7, 7, 7, 7, 7, 7, 5, 7, 5, 9, 3, 7, 5, 4, 9, 1, 9, 1, 2, 3, 4, 5, 6, 7, 8, 9, 1, 5, 9, 5, 2, 2, 1, 6, 8, 3, 7, 1, 3, 4, 2, 1, 3, 2, 4, 3, 1, 9, 8, 7, 6, 5, 4, 3, 2, 1, 5, 9, 6, 4, 5, 3, 2, 6, 4, 3, 8, 6, 4, 7, 3, 8, 3, 9, 4, 8, 6, 1, 8, 4, 8, 4, 6, 3, 8, 2, 9, 5, 4, 7, 8, 3, 2, 7, 7, 5, 4, ', 2),
(118, '2017-05-27 3:24:40', '18', '7, 9, 4, 6, 2, 7, 1, 2, 8, 9, 2, 5, 7, 3, 8, 9, 6, 5, 3, 4, 1, 5, 9, 6, 3, 8, 2, 5, 6, 8, 9, 7, 6, 4, 3, 8, 5, 1, 4, 9, 2, 5, 8, 4, 9, 1, 5, 2, 6, 8, 1, 4, 7, 9, 2, 5, 7, 3, 5, 7, 1, 3, 5, 7, 9, 2, 4, 6, 8, 1, 1, 3, 5, 7, 2, 4, 8, 9, 6, 8, 1, 9, 7, 6, 4, 3, 7, 8, 5, 7, 6, 9, 7, 1, 3, 1, 2, 9, 3, 5, ', 2),
(119, '2017-05-27 3:52:14', '19', '1, 4, 4, 1, 1, 6, 8, 8, 8, 9, 1, 2, 5, 1, 8, 8, 9, 6, 5, 4, 4, 3, 2, 1, 7, 8, 1, 2, 6, 8, 1, 4, 5, 7, 8, 8, 8, 9, 7, 4, 1, 3, 4, 5, 2, 1, 6, 5, 4, 3, 1, 2, 3, 4, 5, 6, 7, 8, 9, 4, 5, 2, 1, 6, 7, 8, 5, 4, 3, 1, 9, 8, 7, 5, 3, 2, 1, 2, 3, 4, 5, 4, 3, 2, 1, 6, 7, 5, 8, 8, 8, 8, 8, 8, 8, 8, 8, 8, 8, 8, ', 2),
(120, '2017-05-27 3:55:37', '20', '9, 1, 8, 7, 6, 5, 3, 2, 7, 3, 2, 3, 4, 6, 7, 8, 1, 2, 9, 5, 1, 2, 3, 4, 6, 5, 7, 8, 9, 1, 1, 2, 3, 4, 5, 6, 7, 8, 9, 1, 9, 8, 7, 6, 5, 4, 3, 2, 1, 9, 1, 2, 3, 4, 5, 6, 7, 8, 9, 1, 9, 8, 7, 6, 4, 5, 3, 2, 1, 9, 1, 2, 3, 4, 5, 6, 7, 8, 8, 9, 1, 2, 3, 4, 5, 6, 7, 8, 7, 6, ', 2),
(121, '2017-05-27 3:58:59', '21', '3, 5, 1, 7, 9, 8, 1, 5, 4, 2, 1, 7, 8, 3, 2, 9, 5, 3, 2, 1, 1, 5, 8, 9, 4, 3, 6, 7, 3, 3, 2, 5, 5, 7, 8, 3, 1, 1, 4, 7, 1, 2, 3, 4, 5, 5, 8, 9, 3, 7, 1, 2, 3, 4, 9, 7, 5, 7, 4, 5, 1, 2, 3, 4, 5, 6, 7, 8, 9, 1, 1, 2, 3, 6, 7, 8, 9, 8, 7, 7, 6, 7, 8, 9, 4, 3, 5, 1, 2, 3, 2, 1, 1, 7, 1, 9, 9, 4, 1, 3, ', 2),
(122, '2017-05-27 7:07:15', '22', '9, 5, 7, 8, 4, 7, 5, 1, 4, 8, 1, 7, 8, 5, 6, 4, 1, 2, 5, 8, 9, 4, 8, 2, 6, 7, 4, 8, 5, 1, 4, 1, 7, 8, 5, 2, 1, 9, 4, 8, 9, 1, 5, 3, 7, 4, 8, 9, 6, 5, 1, 4, 7, 9, 5, 9, 6, 3, 2, 4, 7, 8, 2, 1, 4, 5, 9, 6, 2, 3, 7, 5, 3, 1, 2, 4, 5, 7, 6, 9, 9, 4, 5, 2, 6, 1, 4, 7, 8, 5, 2, 5, 8, 9, 7, 6, 4, 3, 5, 1, ', 2),
(123, '2017-05-27 8:21:14', '23', '2, 4, 1, 6, 5, 5, 3, 2, 6, 9, 5, 2, 7, 3, 6, 3, 6, 1, 6, 5, 1, 4, 2, 9, 5, 2, 5, 3, 7, 4, 9, 4, 5, 2, 8, 8, 3, 5, 1, 4, 1, 4, 2, 4, 4, 6, 2, 6, 2, 8, 7, 4, 5, 2, 5, 7, 4, 7, 3, 8, 2, 6, 4, 3, 1, 7, 2, 8, 3, 9, 2, 7, 4, 8, 2, 6, 3, 7, 3, 7, 1, 1, 1, 5, 4, 6, 7, 7, 3, 3, 1, 4, 9, 9, 9, 3, 9, 3, 4, 1, ', 2),
(124, '2017-05-27 9:07:07', '24', '5, 2, 4, 7, 1, 9, 3, 5, 4, 2, 1, 9, 7, 2, 5, 7, 3, 4, 6, 1, 9, 4, 3, 1, 6, 7, 2, 4, 5, 2, 6, 1, 4, 5, 8, 7, 2, 3, 1, 4, 4, 2, 9, 7, 1, 6, 8, 2, 3, 4, 7, 9, 5, 1, 3, 4, 2, 2, 1, 3, 1, 4, 6, 5, 3, 4, 9, 7, 2, 5, 3, 4, 6, 1, 8, 2, 5, 4, 7, 9, 7, 9, 2, 3, 4, 1, 1, 5, 6, 4, 7, 5, 1, 6, 4, 8, 3, 8, 1, 4, ', 2),
(125, '2017-05-28 11:09:06', '25', '5, 2, 6, 8, 5, 3, 2, 9, 6, 2, 8, 4, 2, 5, 7, 8, 5, 3, 2, 5, 9, 3, 5, 7, 8, 4, 3, 4, 2, 6, 7, 5, 2, 8, 7, 3, 5, 2, 6, 3, 8, 4, 2, 4, 3, 7, 4, 7, 9, 6, 8, 6, 3, 6, 3, 7, 5, 7, 3, 9, 8, 3, 6, 5, 2, 4, 1, 5, 1, 6, 9, 8, 3, 6, 4, 6, 2, 7, 4, 7, 7, 3, 2, 5, 3, 7, 9, 6, 4, 6, 7, 4, 2, 5, 3, 7, 9, 7, 5, 7, ', 2),
(126, '2017-05-28 6:58:51', '26', '2, 4, 6, 8, 9, 3, 3, 6, 1, 5, 9, 8, 7, 6, 5, 4, 3, 2, 1, 1, 5, 2, 3, 7, 8, 9, 1, 3, 4, 6, 8, 9, 5, 6, 1, 2, 3, 4, 5, 6, 3, 5, 7, 1, 5, 3, 7, 1, 3, 5, 2, 4, 6, 8, 6, 2, 2, 4, 8, 6, 9, 6, 3, 6, 9, 3, 6, 9, 3, 6, 1, 5, 9, 7, 5, 3, 6, 8, 4, 2, 2, 3, 8, 4, 9, 5, 6, 7, 3, 6, 9, 6, 1, 2, 7, 5, 3, 6, 4, 5, ', 2),
(127, '2017-05-29 9:36:17', '27', '1, 9, 6, 4, 6, 4, 3, 6, 8, 9, 8, 6, 4, 3, 5, 7, 2, 1, 2, 5, 7, 8, 5, 4, 3, 6, 9, 8, 7, 1, 2, 5, 4, 9, 8, 4, 7, 6, 2, 1, 4, 3, 6, 8, 9, 4, 2, 1, 6, 5, 8, 9, 7, 4, 8, 8, 5, 6, 1, 2, 6, 4, 2, 6, 7, 8, 9, 2, 4, 1, 6, 4, 3, 9, 9, 7, 7, 5, 4, 2, 5, 6, 2, 1, 6, 3, 4, 5, 1, 2, 7, 9, 9, 7, 6, 3, 3, 2, 6, 1, ', 2),
(128, '2017-05-29 10:09:15', '28', '5, 3, 1, 8, 9, 6, 5, 4, 1, 6, 7, 9, 2, 4, 6, 2, 5, 3, 8, 4, 6, 8, 4, 2, 3, 1, 4, 7, 9, 4, 9, 5, 1, 7, 5, 3, 6, 5, 4, 1, 8, 5, 2, 1, 4, 7, 5, 3, 6, 2, 8, 5, 2, 6, 9, 8, 7, 4, 1, 2, 9, 6, 6, 4, 4, 7, 1, 2, 5, 4, 9, 5, 5, 1, 2, 4, 7, 6, 2, 1, 7, 8, 5, 4, 1, 2, 3, 9, 8, 5, 7, 4, 1, 2, 5, 4, 7, 8, 5, 2, ', 2),
(129, '2017-05-29 12:40:29', '29', '4, 1, 9, 8, 8, 8, 5, 6, 4, 5, 2, 1, 5, 3, 3, 2, 5, 3, 1, 3, 4, 2, 1, 7, 9, 3, 5, 5, 5, 2, 5, 2, 5, 3, 3, 1, 3, 3, 6, 3, 6, 4, 3, 4, 8, 8, 2, 3, 2, 6, 2, 2, 2, 1, 6, 4, 5, 2, 9, 6, 8, 4, 7, 1, 2, 2, 5, 3, 5, 5, 6, 3, 3, 4, 9, 9, 8, 7, 2, 7, 8, 3, 3, 9, 2, 2, 4, 1, 1, 1, 5, 6, 1, 9, 9, 5, 5, 2, 5, 7, ', 2),
(130, '2017-05-29 5:19:19', '30', '1, 2, 6, 3, 4, 5, 9, 7, 4, 1, 5, 4, 6, 9, 2, 5, 3, 4, 1, 5, 7, 4, 5, 6, 2, 1, 3, 6, 9, 5, 8, 5, 6, 4, 6, 4, 5, 6, 8, 7, 1, 2, 3, 4, 4, 5, 4, 6, 5, 6, 5, 6, 5, 4, 5, 7, 8, 9, 9, 5, 7, 4, 5, 6, 9, 8, 1, 2, 3, 6, 2, 3, 5, 6, 4, 6, 2, 1, 3, 1, 6, 3, 2, 6, 4, 5, 6, 1, 2, 1, 1, 4, 5, 6, 1, 1, 2, 1, 3, 4, ', 2),
(131, '2017-05-29 5:19:20', '31', '7, 1, 4, 1, 3, 7, 8, 1, 4, 3, 1, 4, 2, 5, 7, 3, 8, 9, 7, 4, 1, 5, 2, 4, 3, 7, 8, 9, 5, 4, 9, 1, 4, 2, 5, 6, 4, 7, 4, 4, 3, 2, 1, 4, 7, 5, 6, 8, 9, 2, 1, 4, 2, 3, 6, 7, 8, 4, 5, 6, 6, 3, 1, 4, 2, 7, 8, 9, 4, 3, 3, 1, 5, 3, 7, 8, 3, 4, 5, 9, 5, 1, 3, 2, 6, 4, 8, 4, 6, 5, 9, 7, 4, 1, 3, 4, 6, 2, 7, 8, ', 2),
(132, '2017-05-30 7:24:00', '32', '4, 3, 4, 5, 9, 8, 1, 2, 7, 6, 3, 7, 5, 6, 9, 1, 2, 5, 3, 8, 4, 6, 7, 9, 8, 3, 7, 4, 2, 5, 5, 6, 8, 3, 2, 9, 4, 1, 8, 9, 3, 5, 8, 7, 3, 5, 6, 7, 1, 7, 4, 7, 8, 9, 3, 7, 2, 4, 1, 2, 3, 4, 7, 8, 9, 9, 8, 3, 1, 6, 7, 5, 3, 2, 1, 8, 3, 7, 8, 1, 7, 8, 3, 6, 2, 6, 5, 9, 8, 7, 3, 6, 7, 2, 9, 7, 1, 8, 6, 2, ', 2),
(133, '2017-05-31 9:36:53', '33', '5, 4, 3, 8, 5, 7, 3, 7, 4, 2, 3, 4, 3, 5, 6, 2, 6, 7, 6, 8, 4, 5, 2, 7, 3, 7, 3, 8, 9, 3, 9, 6, 4, 7, 9, 4, 8, 6, 8, 7, 1, 4, 2, 5, 7, 8, 3, 6, 3, 7, 8, 7, 5, 9, 5, 9, 7, 5, 7, 3, 2, 3, 5, 7, 2, 6, 2, 5, 2, 6, 5, 2, 6, 7, 3, 6, 3, 5, 5, 7, 2, 7, 9, 5, 8, 7, 8, 9, 6, 7, 2, 5, 6, 2, 5, 3, 5, 3, 6, 7, ', 2),
(134, '2017-05-31 9:37:54', '34', '5, 7, 3, 9, 1, 2, 8, 3, 7, 6, 4, 9, 2, 8, 6, 1, 9, 6, 3, 7, 2, 6, 4, 7, 3, 9, 7, 7, 4, 3, 1, 8, 2, 3, 5, 3, 9, 2, 5, 3, 3, 6, 1, 8, 4, 9, 8, 5, 4, 5, 1, 7, 2, 8, 9, 4, 5, 3, 7, 2, 1, 5, 3, 7, 8, 3, 9, 3, 4, 5, 8, 5, 3, 1, 6, 5, 4, 7, 3, 4, 9, 2, 6, 4, 7, 8, 4, 3, 1, 6, 4, 5, 3, 7, 8, 6, 1, 9, 3, 4, ', 2),
(135, '2017-06-03 6:09:35', '35', '1, 2, 2, 2, 2, 2, 2, 2, 2, 2, 1, 1, 1, 1, 1, 1, 1, 1, 1, 1, 1, 3, 4, 6, 2, 5, 7, 8, 1, 5, 6, 8, 1, 3, 4, 2, 5, 7, 7, 6, 5, 3, 2, 2, 2, 2, 1, 1, 1, 1, 4, 6, 7, 8, 9, 3, 2, 1, 2, 2, 1, 2, 3, 4, 5, 6, 7, 8, 9, 1, 2, 3, 2, 3, 2, 3, 2, 3, 2, 3, 1, 2, 3, 4, 5, 6, 7, 8, 9, 1, 2, 3, 2, 4, 2, 3, 2, 4, 2, 2, ', 2),
(136, '2017-06-03 9:43:39', '36', '1, 3, 5, 7, 9, 8, 6, 4, 2, 1, 2, 4, 6, 8, 1, 3, 5, 7, 9, 1, 1, 4, 7, 2, 5, 8, 3, 6, 8, 1, 9, 6, 4, 1, 8, 5, 2, 1, 4, 7, 1, 2, 3, 4, 5, 6, 7, 8, 9, 1, 9, 8, 7, 6, 5, 4, 3, 2, 1, 9, 5, 4, 3, 2, 1, 6, 7, 8, 9, 1, 1, 9, 2, 8, 3, 7, 4, 6, 5, 5, 9, 1, 8, 2, 7, 3, 6, 4, 5, 5, 5, 5, 4, 6, 3, 7, 2, 8, 1, 9, ', 2),
(137, '2017-06-03 9:45:42', '37', '3, 5, 8, 4, 2, 5, 8, 9, 6, 3, 5, 8, 7, 4, 5, 9, 3, 5, 5, 1, 5, 8, 9, 6, 3, 2, 5, 8, 4, 1, 8, 5, 4, 9, 6, 3, 5, 4, 8, 5, 8, 5, 4, 9, 6, 5, 8, 7, 4, 5, 5, 8, 7, 5, 8, 9, 3, 6, 5, 4, 5, 9, 6, 4, 7, 5, 2, 1, 5, 4, 6, 9, 8, 2, 5, 4, 8, 9, 6, 3, 8, 9, 6, 5, 4, 7, 5, 2, 1, 5, 5, 9, 6, 4, 7, 6, 3, 5, 1, 4, ', 2),
(138, '2017-06-03 9:48:17', '38', '4, 6, 8, 3, 6, 8, 4, 5, 8, 3, 5, 7, 2, 9, 7, 5, 7, 2, 4, 8, 6, 8, 5, 2, 4, 9, 7, 5, 8, 5, 7, 4, 2, 8, 9, 6, 4, 7, 8, 9, ', 2),
(139, '2017-06-03 9:57:37', '39', '6, 8, 2, 9, 7, 5, 3, 9, 5, 7, 5, 7, 4, 8, 4, 9, 2, 3, 3, 2, 1, 8, 9, 5, 3, 8, 2, 2, 6, 7, 2, 8, 3, 9, 1, 3, 7, 5, 8, 2, 2, 9, 6, 3, 9, 4, 7, 1, 7, 5, 9, 4, 2, 8, 5, 1, 6, 4, 2, 8, 9, 4, 8, 3, 7, 1, 3, 1, 5, 7, 1, 8, 9, 6, 5, 8, 2, 3, 5, 7, 1, 9, 5, 8, 3, 6, 2, 4, 7, 2, 6, 3, 6, 2, 5, 8, 9, 3, 2, 3, ', 2),
(140, '2017-06-03 10:01:29', '40', '3, 9, 5, 8, 7, 1, 8, 4, 7, 3, 2, 3, 1, 6, 5, 9, 8, 7, 3, 5, 3, 5, 7, 1, 6, 3, 2, 9, 1, 5, 6, 5, 4, 9, 1, 6, 3, 8, 7, 5, 1, 6, 7, 9, 3, 5, 4, 6, 7, 1, 9, 3, 7, 5, 3, 4, 1, 7, 1, 5, 8, 7, 3, 2, 4, 2, 7, 6, 1, 8, 4, 3, 8, 7, 1, 3, 9, 6, 3, 5, 8, 2, 4, 3, 2, 4, 3, 8, 6, 5, 8, 2, 1, 7, 6, 1, 9, 1, 8, 1, ', 2),
(141, '2017-06-03 10:06:34', '41', '1, 3, 4, 7, 8, 2, 1, 9, 2, 5, 2, 3, 1, 3, 7, 8, 9, 2, 1, 6, 2, 4, 6, 8, 9, 1, 8, 9, 6, 3, 1, 3, 4, 8, 7, 1, 6, 5, 2, 3, 9, 2, 7, 5, 2, 3, 1, 4, 5, 9, 6, 2, 4, 6, 5, 7, 2, 9, 7, 2, 3, 5, 8, 3, 2, 1, 6, 9, 4, 5, 5, 4, 2, 7, 9, 2, 7, 5, 3, 2, 2, 5, 8, 4, 2, 1, 3, 6, 9, 3, 6, 4, 2, 3, 1, 9, 8, 7, 5, 2, ', 2),
(142, '2017-06-03 10:07:24', '42', '7, 5, 9, 5, 3, 6, 1, 3, 6, 7, 7, 6, 3, 9, 7, 3, 4, 5, 2, 3, 4, 3, 6, 2, 1, 1, 1, 4, 5, 6, 3, 4, 4, 5, 6, 7, 8, 2, 2, 3, 2, 2, 5, 6, 3, 2, 1, 5, 6, 8, 6, 2, 1, 4, 5, 6, 2, 5, 5, 7, 1, 2, 3, 4, 2, 3, 4, 5, 6, 6, 8, 3, 5, 4, 6, 7, 5, 4, 2, 4, 1, 1, 1, 1, 1, 1, 1, 1, 1, 1, 2, 4, 4, 5, 6, 7, 3, 3, 3, 5, ', 2),
(143, '2017-06-03 10:07:48', '43', '7, 5, 9, 5, 3, 6, 1, 3, 6, 7, 7, 6, 3, 9, 7, 3, 4, 5, 2, 3, 4, 3, 6, 2, 1, 1, 1, 4, 5, 6, 3, 4, 4, 5, 6, 7, 8, 2, 2, 3, 2, 2, 5, 6, 3, 2, 1, 5, 6, 8, 6, 2, 1, 4, 5, 6, 2, 5, 5, 7, 1, 2, 3, 4, 2, 3, 4, 5, 6, 6, 8, 3, 5, 4, 6, 7, 5, 4, 2, 4, 1, 1, 1, 1, 1, 1, 1, 1, 1, 1, 2, 4, 4, 5, 6, 7, 3, 3, 3, 5, ', 2),
(144, '2017-06-03 10:11:48', '44', '1, 4, 7, 8, 3, 2, 5, 2, 7, 1, 1, 2, 3, 4, 5, 6, 7, 8, 9, 2, 2, 3, 1, 3, 4, 5, 6, 7, 8, 9, 1, 4, 5, 6, 5, 7, 8, 9, 4, 2, 4, 2, 1, 3, 4, 5, 6, 7, 8, 9, 1, 5, 4, 3, 6, 7, 8, 9, 3, 2, 3, 4, 5, 6, 7, 7, 8, 9, 7, 6, 1, 3, 4, 5, 6, 7, 8, 9, 1, 4, 5, 6, 7, 8, 8, 4, 3, 2, 1, 5, 8, 9, 7, 6, 5, 4, 3, 5, 6, 7, ', 2),
(145, '2017-06-06 10:23:14', '45', '3, 6, 2, 5, 4, 5, 9, 8, 5, 2, 5, 9, 8, 7, 6, 3, 2, 5, 4, 2, 2, 4, 5, 8, 7, 1, 5, 3, 6, 5, 3, 6, 5, 4, 2, 1, 7, 8, 9, 8, 2, 4, 5, 9, 8, 7, 5, 6, 3, 2, 2, 1, 4, 5, 4, 7, 8, 5, 9, 6, 2, 5, 6, 9, 8, 7, 5, 6, 2, 5, 3, 6, 5, 4, 8, 7, 9, 6, 5, 8, 3, 6, 5, 4, 8, 7, 9, 5, 8, 6, 3, 6, 5, 7, 4, 8, 9, 2, 1, 5, ', 2),
(146, '2017-06-06 10:23:36', '46', '3, 5, 1, 3, 6, 7, 4, 6, 7, 8, 1, 3, 5, 2, 5, 7, 9, 8, 5, 3, 6, 4, 3, 6, 7, 3, 2, 4, 6, 7, 1, 3, 5, 6, 7, 8, 6, 4, 3, 5, 5, 7, 3, 4, 8, 6, 5, 2, 1, 4, 3, 6, 8, 6, 4, 3, 5, 6, 7, 8, 1, 3, 5, 7, 9, 8, 6, 4, 3, 2, 7, 5, 4, 3, 2, 3, 4, 5, 6, 8, 9, 6, 4, 2, 4, 5, 7, 3, 6, 8, 3, 6, 4, 5, 6, 8, 9, 6, 5, 4, ', 2),
(147, '2017-06-06 10:27:21', '47', '2, 5, 7, 6, 3, 1, 8, 4, 2, 5, 8, 5, 9, 1, 2, 5, 4, 3, 6, 8, 7, 6, 2, 4, 3, 1, 8, 5, 4, 6, 9, 9, 5, 1, 3, 4, 7, 8, 5, 5, 4, 6, 2, 3, 5, 8, 6, 1, 7, 9, 2, 4, 3, 6, 1, 8, 5, 1, 4, 2, 5, 4, 9, 6, 7, 3, 1, 5, 2, 8, 8, 4, 6, 2, 1, 5, 4, 3, 8, 7, 9, 5, 4, 3, 1, 8, 2, 7, 5, 6, 5, 6, 2, 7, 9, 1, 9, 3, 8, 7, ', 2),
(148, '2017-06-06 10:31:43', '48', '4, 6, 1, 9, 4, 5, 7, 8, 2, 3, 9, 7, 1, 4, 3, 8, 3, 2, 6, 5, 9, 7, 4, 5, 8, 6, 7, 2, 1, 3, 1, 4, 3, 5, 7, 6, 9, 8, 5, 2, 6, 7, 3, 4, 2, 9, 6, 3, 7, 1, 7, 3, 6, 2, 9, 5, 7, 1, 3, 2, 7, 3, 5, 6, 1, 9, 2, 5, 3, 4, 8, 6, 4, 3, 9, 5, 7, 1, 6, 3, 6, 1, 5, 7, 5, 7, 9, 3, 8, 6, 6, 7, 3, 5, 1, 8, 3, 4, 9, 1, ', 2),
(149, '2017-06-06 10:31:44', '49', '1, 4, 6, 3, 5, 3, 7, 8, 8, 7, 3, 7, 9, 1, 2, 3, 4, 5, 6, 7, 8, 3, 2, 2, 2, 5, 4, 7, 7, 9, 1, 1, 2, 2, 3, 3, 4, 4, 5, 5, 9, 9, 7, 6, 6, 3, 3, 3, 5, 6, 1, 2, 3, 4, 5, 6, 7, 8, 9, 3, 9, 8, 7, 6, 5, 4, 3, 2, 1, 3, 3, 3, 3, 3, 3, 3, 3, 3, 3, 3, 8, 6, 4, 2, 3, 5, 7, 9, 1, 5, 1, 3, 5, 7, 9, 2, 4, 6, 8, 3, ', 2),
(150, '2017-06-06 10:35:23', '50', '2, 3, 5, 5, 6, 7, 8, 2, 1, 4, 5, 3, 4, 8, 2, 1, 3, 6, 7, 8, 2, 3, 5, 6, 4, 8, 9, 4, 5, 7, 4, 5, 6, 3, 2, 8, 7, 9, 4, 5, 4, 5, 6, 2, 3, 6, 7, 8, 9, 4, 7, 8, 9, 6, 5, 3, 1, 4, 2, 4, 4, 2, 3, 5, 4, 7, 8, 9, 5, 6, 2, 5, 4, 6, 8, 3, 9, 5, 4, 2, 8, 9, 6, 4, 5, 6, 3, 2, 1, 7, 8, 9, 4, 5, 6, 2, 4, 7, 1, 6, ', 2),
(151, '2017-06-06 10:36:46', '51', '9, 9, 9, 9, 9, 1, 3, 5, 7, 9, 9, 9, 9, 9, 9, 9, 9, 9, 9, 9, 1, 6, 7, 9, 4, 5, 7, 3, 8, 9, 9, 1, 2, 7, 5, 9, 7, 5, 8, 1, 9, 6, 4, 2, 7, 5, 8, 2, 5, 8, 1, 6, 4, 8, 3, 8, 3, 9, 4, 2, 9, 5, 3, 6, 7, 1, 4, 2, 7, 4, 9, 4, 6, 1, 8, 3, 8, 9, 3, 6, 9, 8, 5, 7, 1, 4, 9, 5, 7, 5, 9, 6, 8, 1, 3, 5, 7, 9, 1, 2, ', 2),
(152, '2017-06-06 10:38:14', '52', '2, 1, 6, 7, 3, 8, 1, 9, 4, 3, 8, 2, 5, 1, 6, 7, 2, 5, 7, 4, 6, 4, 7, 2, 4, 5, 7, 7, 7, 1, 3, 4, 6, 1, 4, 6, 8, 8, 5, 4, 5, 2, 6, 7, 3, 1, 4, 5, 6, 7, 5, 7, 3, 5, 6, 6, 5, 5, 7, 3, 5, 7, 2, 5, 6, 7, 4, 3, 1, 4, 5, 6, 7, 3, 4, 5, 6, 7, 1, 3, 4, 5, 7, 2, 1, 4, 6, 7, 3, 6, 3, 5, 6, 7, 1, 4, 6, 6, 2, 4, ', 2),
(153, '2017-06-06 10:45:11', '53', '1, 5, 1, 7, 1, 9, 1, 6, 1, 2, 4, 1, 1, 3, 6, 4, 7, 6, 8, 1, 7, 7, 8, 6, 1, 4, 6, 1, 5, 9, 9, 3, 2, 5, 3, 6, 4, 8, 1, 3, 7, 3, 7, 9, 6, 2, 4, 7, 2, 7, 3, 5, 6, 2, 8, 3, 5, 1, 9, 6, 5, 8, 2, 4, 9, 5, 1, 5, 3, 6, 7, 3, 8, 1, 1, 4, 7, 6, 9, 8, 8, 6, 8, 5, 3, 5, 3, 6, 3, 4, 2, 6, 4, 7, 8, 4, 7, 2, 5, 7, ', 2),
(154, '2017-06-06 10:47:13', '54', '2, 4, 6, 7, 8, 4, 2, 3, 5, 3, 2, 3, 8, 6, 4, 5, 6, 3, 8, 2, 2, 6, 8, 5, 4, 3, 9, 3, 2, 4, 1, 4, 5, 9, 8, 7, 4, 5, 3, 7, 4, 5, 8, 3, 2, 6, 5, 8, 9, 1, 3, 4, 7, 8, 9, 4, 2, 5, 6, 1, 3, 5, 8, 9, 5, 4, 3, 1, 3, 6, 3, 4, 6, 8, 9, 3, 1, 2, 5, 6, 3, 2, 5, 7, 8, 1, 5, 8, 4, 5, 5, 3, 2, 7, 5, 8, 4, 3, 7, 3, ', 2),
(155, '2017-06-06 10:49:27', '55', '1, 4, 6, 9, 3, 7, 4, 6, 2, 5, 5, 7, 3, 5, 7, 1, 8, 3, 9, 2, 6, 3, 6, 1, 7, 2, 8, 4, 9, 3, 1, 5, 8, 9, 2, 7, 4, 6, 1, 7, 1, 5, 3, 7, 4, 8, 6, 9, 6, 2, 4, 2, 7, 2, 8, 6, 6, 1, 7, 4, 1, 6, 3, 7, 9, 3, 8, 3, 7, 1, 1, 4, 6, 9, 1, 5, 9, 1, 3, 8, 4, 7, 9, 1, 7, 4, 8, 6, 2, 6, 4, 7, 2, 7, 4, 6, 1, 7, 6, 4, ', 2),
(156, '2017-06-06 10:55:09', '56', '1, 4, 3, 2, 6, 5, 1, 7, 8, 4, 2, 4, 6, 1, 3, 6, 5, 2, 1, 7, 7, 5, 7, 8, 4, 2, 9, 4, 2, 3, 1, 5, 3, 7, 5, 8, 6, 3, 1, 6, 6, 4, 2, 1, 6, 8, 9, 5, 3, 2, 8, 5, 2, 3, 8, 1, 4, 2, 5, 3, 5, 3, 2, 1, 6, 8, 4, 2, 5, 1, 4, 6, 2, 4, 1, 7, 8, 4, 3, 2, 1, 5, 3, 6, 3, 2, 7, 4, 8, 9, 1, 4, 6, 8, 4, 3, 6, 2, 4, 7, ', 2),
(157, '2017-06-06 10:58:20', '57', '1, 3, 6, 9, 2, 4, 6, 8, 3, 4, 1, 3, 5, 7, 9, 2, 4, 6, 8, 2, 2, 8, 4, 6, 1, 9, 7, 5, 3, 9, 1, 2, 3, 4, 5, 6, 7, 8, 9, 1, 1, 2, 3, 4, 5, 6, 7, 8, 9, 1, 1, 2, 3, 4, 5, 6, 7, 8, 9, 1, 1, 2, 3, 4, 5, 6, 7, 8, 9, 1, 1, 2, 3, 4, 5, 6, 7, 8, 9, 1, 1, 2, 3, 4, 5, 6, 7, 8, 9, 1, 1, 2, 3, 4, 5, 6, 7, 8, 9, 1, ', 2),
(158, '2017-06-06 11:14:20', '58', '3, 2, 1, 4, 5, 6, 7, 8, 9, 1, 3, 2, 1, 4, 5, 6, 7, 8, 9, 1, 1, 5, 9, 8, 6, 2, 7, 3, 4, 6, 2, 1, 4, 3, 6, 5, 8, 7, 9, 2, 3, 2, 6, 4, 7, 5, 9, 8, 4, 1, 9, 8, 7, 6, 5, 4, 3, 2, 1, 9, 8, 6, 4, 3, 2, 6, 8, 3, 1, 5, 1, 2, 3, 4, 5, 6, 7, 8, 8, 9, 4, 5, 3, 2, 7, 8, 6, 9, 3, 9, 1, 4, 6, 8, 9, 3, 5, 6, 2, 8, ', 2),
(159, '2017-06-06 11:15:13', '59', '5, 8, 3, 6, 9, 2, 5, 4, 3, 8, 4, 8, 9, 5, 2, 3, 1, 7, 5, 7, 3, 6, 8, 6, 1, 4, 8, 9, 5, 6, 2, 3, 9, 6, 9, 6, 4, 5, 3, 8, 2, 4, 5, 8, 6, 9, 7, 2, 6, 8, 2, 4, 8, 6, 3, 7, 8, 5, 6, 5, 8, 5, 6, 4, 6, 9, 5, 2, 6, 7, 4, 9, 7, 2, 5, 7, 6, 9, 5, 6, 3, 9, 7, 3, 2, 5, 6, 7, 4, 6, 1, 3, 7, 5, 9, 7, 4, 6, 8, 5, ', 2),
(160, '2017-06-06 11:25:10', '60', '4, 3, 6, 7, 3, 7, 9, 4, 6, 2, 3, 5, 7, 2, 5, 9, 8, 7, 6, 9, 1, 5, 3, 7, 3, 2, 6, 3, 8, 9, 3, 5, 1, 6, 8, 3, 5, 9, 1, 3, 5, 2, 7, 8, 4, 5, 7, 8, 5, 2, 5, 3, 5, 4, 6, 8, 7, 5, 8, 9, 8, 8, 5, 3, 6, 8, 4, 2, 2, 5, 3, 6, 4, 7, 9, 5, 3, 4, 8, 5, 1, 4, 2, 6, 8, 5, 8, 9, 6, 3, 3, 5, 7, 3, 7, 9, 4, 8, 4, 7, ', 2),
(161, '2017-06-06 11:28:09', '61', '1, 5, 7, 8, 4, 7, 5, 7, 3, 9, 1, 2, 3, 4, 5, 6, 7, 8, 9, 1, 1, 9, 3, 7, 5, 2, 4, 6, 8, 4, 9, 8, 7, 6, 5, 4, 3, 2, 2, 1, 2, 5, 7, 4, 9, 6, 3, 6, 1, 5, 6, 3, 9, 5, 2, 7, 4, 2, 7, 4, 5, 3, 8, 4, 3, 2, 7, 1, 6, 9, 7, 4, 2, 1, 6, 4, 8, 9, 4, 3, 6, 3, 8, 2, 6, 1, 8, 5, 3, 9, ', 2),
(162, '2017-06-06 11:46:25', '62', '1, 6, 7, 9, 3, 5, 7, 2, 8, 1, 1, 7, 9, 4, 5, 7, 2, 9, 5, 7, 5, 8, 3, 2, 5, 5, 5, 7, 6, 8, 9, 1, 3, 5, 4, 6, 8, 3, 5, 6, 8, 5, 7, 9, 9, 9, 4, 6, 7, 8, 1, 2, 3, 4, 5, 4, 5, 4, 5, 4, 1, 2, 3, 4, 5, 6, 7, 8, 9, 1, 2, 3, 4, 3, 5, 6, 7, 4, 5, 6, 2, 1, 4, 3, 6, 7, 8, 3, 9, 1, 9, 7, 6, 5, 4, 7, 6, 7, 6, 4, ', 2),
(163, '2017-06-06 12:05:02', '63', '4, 8, 2, 9, 7, 1, 5, 4, 5, 3, 1, 5, 9, 7, 3, 6, 2, 8, 6, 9, 8, 5, 3, 7, 6, 1, 9, 5, 7, 3, 7, 4, 2, 9, 8, 1, 6, 3, 5, 8, 3, 7, 5, 9, 2, 1, 7, 4, 9, 8, 5, 8, 2, 9, 7, 5, 1, 4, 7, 9, 1, 4, 7, 9, 5, 2, 8, 6, 4, 2, 3, 6, 8, 5, 6, 7, 4, 6, 1, 9, 8, 5, 3, 9, 8, 7, 1, 5, 7, 2, 7, 4, 1, 9, 4, 7, 2, 4, 7, 4, ', 2),
(164, '2017-06-06 12:14:58', '64', '5, 9, 1, 5, 6, 7, 9, 1, 8, 9, 4, 5, 1, 2, 9, 8, 7, 6, 4, 5, 5, 4, 9, 7, 6, 5, 2, 1, 5, 6, 5, 4, 9, 1, 2, 2, 3, 9, 1, 1, 4, 4, 4, 4, 5, 5, 5, 5, 1, 9, 5, 5, 2, 1, 3, 9, 9, 7, 8, 9, 4, 5, 6, 7, 8, 9, 1, 2, 3, 8, 1, 2, 3, 4, 5, 6, 7, 8, 9, 1, 4, 5, 8, 9, 7, 5, 4, 5, 4, 5, 1, 2, 3, 1, 2, 3, 1, 2, 3, 5, ', 2),
(165, '2017-06-06 12:18:49', '65', '1, 4, 5, 8, 6, 9, 6, 2, 7, 9, 2, 5, 7, 9, 3, 7, 4, 6, 8, 1, 4, 5, 9, 7, 2, 5, 3, 4, 7, 7, 5, 2, 4, 8, 7, 4, 9, 1, 4, 6, 6, 5, 9, 3, 7, 5, 1, 3, 2, 6, 6, 4, 2, 8, 7, 6, 5, 1, 1, 4, 7, 4, 9, 7, 3, 6, 1, 8, 9, 4, 1, 5, 3, 9, 6, 3, 6, 1, 9, 7, 8, 7, 9, 5, 7, 4, 3, 8, 5, 1, 5, 7, 9, 4, 2, 6, 8, 5, 3, 6, ', 2),
(166, '2017-06-06 3:24:01', '66', '5, 5, 5, 5, 5, 5, 5, 5, 5, 5, 7, 7, 7, 7, 7, 7, 7, 7, 7, 7, 7, 7, 7, 7, 7, 7, 7, 7, 7, 7, 7, 7, 7, 7, 7, 7, 7, 7, 7, 7, 7, 5, 7, 5, 7, 5, 7, 5, 7, 5, 7, 5, 5, 5, 5, 5, 7, 7, 7, 7, 5, 5, 5, 7, 7, 7, 5, 5, 5, 3, 7, 7, 7, 5, 5, 3, 3, 7, 7, 7, 7, 7, 7, 5, 5, 5, 9, 9, 9, 5, 7, 7, 7, 9, 9, 9, 3, 3, 3, 5, ', 2),
(167, '2017-06-06 4:01:31', '67', '4, 1, 1, 1, 9, 9, 6, 2, 1, 1, 1, 2, 3, 4, 5, 6, 7, 8, 9, 1, 6, 5, 2, 3, 9, 8, 5, 6, 4, 1, 6, 6, 7, 7, 5, 5, 2, 2, 9, 9, 1, 2, 3, 3, 2, 1, 1, 2, 3, 3, 9, 5, 1, 3, 5, 7, 8, 4, 2, 6, 8, 2, 9, 1, 3, 7, 4, 6, 5, 8, 1, 1, 2, 2, 6, 6, 5, 3, 2, 5, 9, 9, 9, 9, 9, 9, 9, 9, 9, 9, 4, 5, 1, 5, 4, 1, 5, 4, 1, 5, ', 2),
(168, '2017-06-06 4:04:55', '68', '4, 6, 7, 9, 1, 2, 3, 5, 8, 9, 4, 2, 6, 9, 5, 1, 7, 3, 8, 6, 6, 5, 3, 1, 8, 9, 2, 4, 7, 1, 2, 4, 7, 9, 2, 4, 3, 5, 8, 9, 1, 2, 4, 6, 8, 9, 4, 5, 2, 6, 2, 3, 4, 5, 7, 7, 8, 9, 2, 1, 3, 4, 6, 7, 8, 3, 2, 1, 3, 5, 3, 1, 4, 5, 6, 7, 8, 9, 7, 2, 1, 3, 4, 4, 2, 5, 2, 5, 7, 8, 7, 5, 4, 7, 9, 6, 4, 2, 1, 4, ', 2),
(169, '2017-06-06 5:54:46', '69', '9, 8, 7, 6, 5, 4, 4, 3, 2, 1, 1, 2, 3, 4, 5, 6, 7, 8, 9, 1, 5, 4, 3, 2, 1, 6, 7, 8, 9, 2, 1, 3, 2, 4, 5, 9, 7, 6, 5, 4, 9, 8, 7, 4, 2, 1, 3, 4, 5, 6, 2, 5, 3, 1, 2, 3, 4, 7, 6, 8, 9, 8, 7, 5, 4, 3, 2, 1, 2, 3, 1, 1, 3, 2, 1, 4, 5, 6, 7, 9, 3, 3, 5, 8, 6, 7, 1, 1, 4, 3, 4, 3, 2, 1, 6, 5, 4, 3, 2, 1, ', 2),
(170, '2017-06-06 7:44:51', '70', '1, 4, 5, 7, 8, 5, 6, 8, 1, 4, 1, 4, 6, 5, 3, 8, 4, 5, 3, 7, 5, 6, 7, 8, 3, 9, 5, 3, 5, 4, 1, 2, 3, 4, 7, 5, 4, 3, 2, 8, 4, 5, 6, 8, 4, 5, 9, 3, 6, 7, 1, 2, 4, 5, 4, 3, 7, 8, 9, 1, 3, 4, 5, 6, 7, 8, 9, 3, 1, 4, 1, 3, 4, 5, 6, 7, 5, 4, 5, 6, 3, 4, 5, 6, 7, 8, 9, 7, 7, 5, 2, 3, 4, 7, 8, 9, 7, 6, 5, 7, ', 2),
(171, '2017-06-06 8:06:38', '71', '1, 2, 8, 5, 2, 4, 1, 3, 6, 5, 4, 5, 6, 1, 5, 2, 5, 8, 5, 2, 7, 5, 2, 1, 4, 5, 8, 5, 6, 8, 4, 5, 2, 1, 2, 3, 6, 5, 8, 5, 5, 4, 5, 6, 5, 6, 5, 4, 5, 6, 4, 7, 8, 9, 5, 2, 6, 4, 5, 2, 1, 2, 3, 8, 5, 2, 4, 7, 8, 5, 4, 1, 7, 8, 5, 2, 6, 8, 6, 9, 1, 4, 7, 5, 8, 5, 2, 4, 8, 5, 4, 7, 5, 6, 5, 2, 6, 2, 6, 8, ', 2),
(172, '2017-06-06 8:26:02', '72', '1, 3, 5, 2, 8, 6, 4, 9, 7, 1, 1, 3, 5, 6, 1, 7, 8, 3, 1, 9, 2, 4, 5, 7, 1, 9, 7, 2, 6, 2, 1, 3, 2, 5, 6, 7, 8, 2, 9, 2, 1, 4, 2, 2, 6, 8, 8, 2, 9, 1, 2, 1, 9, 8, 7, 6, 5, 4, 3, 6, 9, 9, 9, 5, 7, 2, 9, 1, 6, 3, 1, 2, 3, 4, 5, 6, 7, 8, 9, 2, 5, 4, 3, 2, 1, 6, 7, 8, 9, 5, 5, 6, 5, 4, 5, 7, 6, 9, 1, 4, ', 2),
(173, '2017-06-06 8:55:47', '73', '2, 4, 6, 8, 3, 5, 9, 1, 7, 2, 8, 2, 4, 5, 1, 6, 3, 7, 9, 2, 9, 4, 3, 6, 7, 1, 2, 4, 5, 2, 4, 3, 6, 7, 1, 8, 2, 9, 3, 6, 6, 5, 3, 8, 1, 9, 2, 6, 4, 8, 1, 7, 2, 9, 4, 3, 5, 8, 7, 6, 3, 9, 1, 7, 2, 5, 6, 3, 8, 4, 6, 1, 8, 2, 5, 3, 9, 4, 5, 6, 7, 2, 9, 4, 6, 1, 2, 7, 3, 8, 7, 2, 4, 1, 9, 4, 3, 5, 6, 8, ', 2),
(174, '2017-06-06 9:58:57', '74', '8, 2, 9, 5, 2, 2, 3, 5, 1, 8, 8, 2, 1, 3, 5, 1, 8, 9, 5, 2, 1, 2, 3, 4, 5, 6, 7, 8, 9, 8, 9, 8, 7, 6, 5, 4, 3, 2, 1, 1, 2, 2, 2, 3, 1, 8, 4, 4, 4, 3, 3, 5, 2, 3, 1, 8, 2, 2, 5, 6, 1, 1, 2, 2, 3, 3, 4, 4, 5, 5, 9, 8, 7, 6, 5, 4, 3, 2, 1, 7, 2, 3, 2, 2, 1, 8, 4, 4, 4, 3, 2, 3, 4, 6, 5, 9, 8, 7, 1, 6, ', 2),
(175, '2017-06-06 11:01:37', '75', '6, 2, 8, 2, 4, 6, 2, 7, 9, 2, 5, 2, 4, 4, 5, 1, 5, 8, 4, 4, 2, 8, 5, 4, 4, 1, 3, 6, 2, 4, 2, 5, 1, 9, 3, 4, 8, 1, 8, 2, 1, 2, 3, 4, 5, 5, 6, 7, 9, 4, 7, 5, 2, 8, 4, 6, 3, 2, 5, 4, 1, 4, 7, 8, 2, 4, 8, 2, 3, 3, 1, 1, 1, 1, 1, 1, 1, 1, 1, 1, 7, 7, 7, 7, 7, 7, 7, 7, 7, 7, 3, 3, 3, 3, 3, 3, 3, 3, 3, 3, ', 2),
(176, '2017-06-07 10:28:47', '76', '2, 4, 1, 3, 7, 8, 5, 4, 3, 7, 4, 5, 2, 1, 9, 8, 6, 5, 3, 4, 3, 4, 1, 6, 9, 7, 8, 7, 3, 2, 4, 2, 1, 5, 7, 9, 2, 3, 5, 7, 3, 2, 6, 8, 9, 1, 3, 6, 7, 4, 3, 2, 4, 7, 8, 4, 9, 6, 5, 4, 4, 3, 1, 6, 7, 3, 9, 5, 2, 1, 3, 4, 1, 2, 8, 4, 6, 8, 3, 2, 7, 5, 3, 8, 9, 5, 4, 9, 5, 1, 9, 6, 7, 9, 4, 2, 8, 6, 4, 2, ', 2),
(177, '2017-06-07 10:29:27', '77', '1, 3, 4, 5, 7, 9, 3, 2, 7, 5, 1, 3, 4, 5, 2, 9, 7, 8, 1, 4, 1, 2, 4, 8, 9, 5, 6, 4, 2, 1, 9, 7, 6, 8, 5, 3, 1, 2, 4, 4, 7, 9, 6, 8, 5, 1, 3, 4, 2, 1, 8, 9, 1, 3, 4, 5, 1, 2, 4, 5, 9, 6, 1, 4, 5, 1, 7, 5, 3, 2, 1, 3, 8, 6, 5, 4, 3, 2, 1, 4, 4, 9, 6, 1, 3, 6, 8, 4, 1, 3, 1, 3, 4, 5, 8, 6, 5, 4, 1, 1, ', 2),
(178, '2017-06-07 10:46:31', '78', '1, 2, 3, 4, 5, 6, 7, 8, 9, 9, 3, 5, 7, 5, 2, 6, 8, 9, 2, 1, 2, 5, 4, 7, 6, 8, 9, 8, 4, 3, 3, 4, 5, 6, 7, 6, 5, 4, 3, 2, 2, 3, 4, 5, 6, 7, 8, 9, 3, 3, 2, 3, 4, 5, 4, 3, 4, 5, 6, 7, 3, 4, 5, 6, 7, 8, 7, 6, 5, 4, 3, 4, 5, 6, 7, 8, 7, 6, 5, 4, 3, 4, 5, 6, 7, 8, 9, 8, 7, 5, 2, 3, 4, 5, 6, 7, 8, 9, 8, 7, ', 2),
(179, '2017-06-07 11:07:23', '79', '6, 4, 3, 5, 2, 1, 9, 8, 7, 6, 6, 4, 3, 5, 2, 1, 9, 8, 7, 6, 6, 4, 3, 5, 2, 1, 9, 8, 7, 6, 6, 4, 3, 5, 2, 1, 9, 8, 7, 6, 6, 4, 3, 5, 2, 1, 9, 8, 7, 6, 6, 4, 3, 5, 2, 1, 9, 8, 7, 6, 6, 4, 3, 5, 2, 1, 9, 8, 7, 6, 6, 4, 3, 5, 2, 1, 9, 8, 7, 6, 6, 4, 3, 5, 2, 1, 9, 8, 7, 6, 6, 4, 3, 5, 2, 1, 9, 8, 7, 6, ', 2),
(180, '2017-06-07 11:12:43', '80', '1, 2, 9, 8, 5, 6, 2, 7, 7, 7, 6, 7, 5, 8, 6, 4, 7, 8, 7, 9, 3, 5, 6, 8, 4, 1, 6, 7, 7, 7, 9, 8, 5, 6, 7, 4, 7, 7, 1, 7, 7, 7, 7, 7, 7, 7, 7, 7, 7, 7, 9, 7, 8, 5, 6, 3, 5, 6, 7, 9, 9, 8, 8, 9, 3, 4, 7, 7, 7, 7, 3, 2, 5, 6, 7, 8, 9, 7, 8, 5, 3, 7, 8, 7, 8, 5, 6, 9, 8, 5, 7, 8, 9, 8, 9, 6, 8, 9, 8, 9, ', 2),
(181, '2017-06-07 11:12:57', '81', '2, 3, 4, 5, 6, 7, 8, 9, 2, 1, 1, 2, 3, 4, 5, 2, 3, 5, 7, 1, 9, 8, 7, 1, 2, 3, 5, 1, 2, 5, 5, 4, 3, 1, 2, 5, 2, 5, 3, 2, 6, 4, 2, 1, 2, 3, 4, 5, 6, 7, 2, 3, 4, 5, 6, 7, 1, 8, 9, 3, 5, 4, 2, 1, 5, 4, 5, 3, 6, 3, 6, 5, 4, 3, 1, 2, 3, 4, 5, 6, 6, 5, 3, 2, 3, 4, 6, 1, 2, 3, 7, 6, 5, 4, 3, 2, 5, 1, 2, 5, ', 2),
(182, '2017-06-07 11:21:32', '82', '3, 6, 1, 3, 8, 9, 3, 5, 7, 2, 3, 6, 3, 8, 5, 9, 5, 6, 7, 8, 1, 4, 2, 6, 4, 5, 7, 8, 4, 2, 5, 3, 7, 9, 2, 1, 5, 7, 9, 3, 3, 6, 9, 1, 5, 2, 4, 6, 3, 1, 7, 8, 9, 4, 2, 4, 6, 9, 9, 5, 5, 6, 8, 2, 4, 1, 2, 4, 1, 4, 8, 9, 5, 4, 3, 2, 4, 7, 2, 8, 7, 3, 1, 6, 8, 5, 1, 3, 1, 6, 7, 3, 2, 6, 7, 9, 6, 3, 1, 5, ', 2),
(183, '2017-06-07 11:35:21', '83', '2, 3, 1, 4, 8, 6, 7, 4, 8, 9, 1, 8, 2, 3, 5, 1, 3, 4, 5, 6, 1, 2, 5, 6, 7, 3, 5, 7, 2, 5, 5, 5, 2, 6, 8, 1, 3, 4, 5, 7, 2, 8, 9, 5, 1, 2, 4, 3, 6, 7, 1, 9, 2, 5, 4, 3, 6, 7, 3, 5, 1, 2, 4, 5, 6, 6, 1, 5, 3, 4, 8, 1, 2, 3, 5, 6, 7, 1, 4, 9, 1, 4, 5, 6, 8, 1, 9, 3, 2, 7, 1, 2, 4, 5, 8, 6, 4, 3, 6, 8, ', 2),
(184, '2017-06-07 11:45:43', '84', '9, 8, 7, 1, 2, 3, 4, 6, 5, 4, 1, 2, 3, 9, 9, 8, 4, 5, 6, 7, 4, 3, 2, 1, 4, 5, 6, 7, 8, 8, 3, 4, 1, 3, 2, 5, 7, 8, 8, 9, 9, 8, 7, 6, 5, 4, 1, 1, 2, 3, 8, 7, 4, 4, 2, 3, 4, 8, 1, 3, 1, 2, 3, 4, 5, 6, 7, 8, 9, 1, 9, 9, 9, 9, 9, 9, 9, 9, 9, 9, 7, 7, 2, 2, 3, 4, 5, 8, 1, 2, 9, 8, 7, 6, 5, 4, 3, 2, 1, 1, ', 2),
(185, '2017-06-07 11:49:35', '85', '1, 7, 5, 9, 6, 7, 1, 2, 3, 6, 7, 8, 9, 4, 5, 6, 3, 2, 1, 5, 2, 5, 8, 9, 3, 7, 1, 4, 6, 3, 5, 2, 3, 4, 5, 6, 8, 9, 1, 5, 1, 2, 3, 6, 4, 5, 8, 9, 7, 1, 1, 2, 3, 5, 6, 8, 9, 7, 4, 5, 1, 2, 3, 6, 4, 5, 8, 9, 7, 4, 2, 5, 8, 6, 9, 3, 7, 1, 4, 5, 1, 2, 3, 6, 5, 4, 7, 8, 9, 6, 5, 2, 8, 6, 9, 3, 2, 5, 8, 7, ', 2),
(186, '2017-06-07 11:56:45', '86', '4, 3, 6, 1, 6, 5, 3, 6, 5, 4, 1, 2, 1, 3, 5, 1, 6, 5, 5, 2, 3, 5, 5, 5, 6, 6, 2, 1, 5, 3, 6, 1, 2, 4, 5, 4, 3, 5, 1, 1, 6, 6, 4, 4, 6, 3, 1, 5, 4, 5, 4, 3, 6, 1, 4, 4, 3, 5, 3, 2, 3, 2, 4, 3, 3, 3, 4, 2, 3, 2, 2, 3, 3, 5, 4, 6, 2, 6, 1, 2, 6, 6, 5, 4, 1, 5, 6, 2, 5, 4, 3, 2, 1, 2, 6, 3, 6, 6, 4, 3, ', 2),
(187, '2017-06-07 11:58:25', '87', '2, 9, 5, 4, 1, 3, 6, 2, 1, 9, 9, 1, 8, 3, 7, 4, 6, 5, 1, 4, 7, 9, 1, 2, 3, 4, 5, 8, 6, 2, 1, 3, 2, 9, 6, 8, 5, 7, 4, 6, 7, 1, 9, 4, 8, 2, 4, 3, 5, 6, 1, 9, 2, 8, 3, 7, 5, 4, 6, 8, 4, 1, 9, 6, 8, 3, 5, 7, 6, 2, 1, 6, 4, 2, 8, 5, 4, 9, 4, 1, 9, 1, 5, 3, 8, 5, 7, 2, 6, 1, 6, 1, 9, 8, 2, 7, 5, 3, 5, 7, ', 2),
(188, '2017-06-07 2:41:53', '88', '2, 5, 7, 3, 9, 1, 1, 1, 1, 1, 2, 3, 4, 6, 1, 1, 4, 1, 1, 1, 1, 1, 1, 4, 3, 5, 6, 7, 8, 9, 2, 3, 1, 4, 5, 1, 2, 3, 1, 1, 1, 9, 7, 8, 7, 6, 6, 6, 6, 9, 1, 5, 4, 5, 1, 2, 3, 6, 9, 8, 4, 5, 4, 7, 8, 8, 9, 9, 8, 7, 4, 5, 7, 8, 8, 9, 9, 6, 5, 4, 2, 2, 2, 2, 2, 2, 2, 5, 5, 4, ', 2),
(189, '2017-06-07 2:50:48', '89', '2, 3, 4, 8, 6, 1, 5, 6, 1, 9, 8, 3, 3, 4, 9, 1, 9, 8, 3, 1, 2, 4, 6, 1, 4, 7, 8, 6, 7, 7, 2, 4, 5, 7, 1, 5, 2, 5, 1, 4, 3, 3, 3, 3, 4, 4, 1, 1, 2, 4, 2, 3, 2, 2, 2, 1, 2, 5, 5, 5, 5, 8, 8, 1, 8, 9, 6, 5, 7, 8, 8, 8, 8, 9, 8, 7, 4, 5, 6, 4, 8, 9, 8, 7, 4, 5, 6, 8, 5, 2, 7, 7, 8, 8, 9, 9, 5, 5, 8, 7, ', 2),
(190, '2017-06-07 3:02:28', '90', '1, 3, 8, 8, 6, 4, 4, 2, 5, 2, 1, 3, 1, 2, 5, 6, 8, 9, 5, 3, 3, 1, 3, 2, 5, 9, 5, 3, 2, 4, 3, 5, 6, 1, 2, 7, 8, 9, 3, 2, 1, 3, 5, 7, 9, 3, 9, 4, 2, 6, 2, 3, 6, 7, 9, 1, 2, 4, 3, 7, 9, 1, 3, 5, 6, 2, 1, 3, 9, 7, 3, 5, 6, 8, 2, 4, 6, 8, 9, 4, 3, 5, 6, 8, 1, 4, 6, 8, 9, 4, 3, 5, 6, 8, 2, 4, 6, 8, 4, 4, ', 2),
(191, '2017-06-07 3:05:03', '91', '1, 5, 8, 6, 9, 2, 7, 5, 2, 9, 6, 3, 7, 8, 1, 1, 1, 2, 5, 6, 5, 6, 9, 8, 5, 3, 6, 4, 1, 2, 6, 3, 5, 9, 8, 7, 4, 5, 2, 6, 2, 3, 6, 5, 4, 8, 9, 5, 8, 4, 2, 3, 5, 6, 5, 4, 1, 2, 5, 9, 9, 8, 7, 4, 5, 6, 3, 2, 1, 2, 1, 2, 3, 4, 5, 6, 7, 8, 9, 1, 6, 5, 4, 7, 8, 9, 3, 2, 1, 5, 9, 6, 3, 2, 5, 8, 7, 4, 1, 2, ', 2),
(192, '2017-06-07 7:02:27', '92', '9, 1, 2, 3, 4, 5, 6, 7, 8, 9, 9, 1, 2, 3, 4, 5, 6, 7, 8, 9, 9, 1, 2, 3, 4, 5, 6, 7, 8, 9, 9, 1, 2, 3, 4, 5, 6, 7, 8, 9, 9, 1, 2, 3, 4, 5, 6, 7, 8, 9, 9, 1, 2, 3, 4, 5, 6, 7, 8, 9, 9, 1, 2, 3, 4, 5, 6, 7, 8, 9, 9, 1, 2, 3, 4, 5, 6, 7, 8, 9, 9, 1, 2, 3, 4, 5, 6, 7, 8, 9, 9, 1, 2, 3, 4, 5, 6, 7, 8, 9, ', 2),
(193, '2017-06-07 7:11:14', '93', '2, 5, 4, 6, 8, 1, 7, 8, 2, 1, 1, 4, 8, 6, 4, 9, 8, 2, 5, 6, 2, 4, 3, 1, 6, 5, 8, 7, 6, 9, 1, 4, 7, 3, 8, 6, 5, 8, 9, 6, 3, 6, 8, 6, 1, 9, 3, 4, 6, 2, 5, 3, 4, 8, 7, 6, 9, 8, 1, 5, 6, 4, 3, 8, 6, 7, 9, 1, 3, 5, 4, 2, 1, 6, 5, 7, 9, 8, 4, 5, 4, 6, 8, 2, 4, 7, 9, 8, 1, 2, 5, 3, 6, 1, 7, 2, 3, 5, 6, 1, ', 2),
(194, '2017-06-07 7:40:12', '94', '2, 8, 1, 3, 6, 5, 2, 9, 1, 4, 1, 7, 6, 4, 2, 5, 9, 8, 2, 5, 3, 8, 6, 5, 1, 2, 4, 6, 9, 3, 4, 1, 8, 6, 7, 2, 9, 4, 2, 6, 4, 4, 7, 8, 3, 1, 3, 5, 8, 9, 7, 5, 1, 6, 3, 2, 8, 6, 7, 4, 1, 9, 2, 8, 3, 7, 4, 6, 5, 5, 5, 1, 8, 9, 3, 2, 4, 6, 7, 5, 5, 4, 3, 2, 1, 6, 7, 8, 9, 5, ', 2),
(195, '2017-06-07 10:09:36', '95', '3, 2, 1, 2, 1, 7, 5, 5, 6, 2, 7, 4, 1, 1, 8, 5, 4, 3, 6, 9, 6, 8, 5, 3, 7, 3, 6, 7, 3, 8, 5, 3, 7, 2, 5, 5, 4, 1, 8, 2, 8, 5, 6, 5, 6, 4, 8, 3, 4, 4, 7, 5, 4, 7, 7, 7, 7, 5, 3, 8, 2, 5, 6, 3, 6, 9, 5, 8, 4, 3, 3, 3, 6, 7, 1, 1, 2, 5, 4, 7, 4, 6, 8, 6, 5, 7, 6, 6, 9, 5, 2, 6, 6, 7, 4, 5, 7, 8, 1, 1, ', 2),
(196, '2017-06-10 1:14:46', '96', '1, 3, 5, 4, 2, 6, 7, 5, 8, 9, 1, 7, 3, 4, 5, 6, 2, 4, 4, 5, 1, 1, 1, 1, 1, 1, 1, 1, 1, 1, 7, 7, 7, 7, 7, 7, 7, 7, 7, 7, 7, 7, 7, 7, 7, 7, 7, 7, 7, 7, 7, 7, 7, 7, 7, 7, 7, 7, 7, 7, 1, 1, 1, 1, 1, 1, 1, 1, 1, 1, 7, 7, 7, 7, 7, 7, 7, 7, 7, 7, 7, 7, 7, 7, 7, 7, 7, 7, 7, 7, 7, 7, 7, 7, 7, 7, 7, 7, 7, 8, ', 2),
(197, '2017-06-11 1:34:27', '97', '1, 3, 5, 7, 9, 2, 4, 6, 8, 1, 1, 3, 5, 7, 9, 2, 4, 6, 8, 1, 1, 3, 2, 4, 5, 7, 6, 8, 9, 1, 2, 4, 6, 8, 1, 3, 5, 7, 9, 1, 2, 4, 1, 3, 5, 7, 6, 9, 8, 1, 1, 2, 4, 3, 5, 7, 6, 8, 9, 5, 9, 8, 1, 2, 7, 6, 3, 4, 5, 5, 1, 9, 2, 8, 3, 7, 4, 6, 5, 1, 1, 9, 3, 8, 7, 4, 5, 6, 1, 3, 9, 2, 1, 8, 3, 7, 4, 5, 6, 1, ', 2),
(198, '2017-06-11 2:13:13', '98', '1, 5, 3, 9, 7, 3, 7, 9, 3, 2, 4, 1, 6, 8, 9, 2, 5, 6, 3, 7, 3, 1, 6, 4, 8, 5, 9, 1, 6, 5, 9, 5, 1, 6, 2, 8, 3, 5, 7, 9, 3, 6, 4, 1, 7, 9, 3, 8, 4, 2, 5, 3, 1, 9, 7, 2, 6, 7, 3, 6, 3, 6, 5, 1, 7, 9, 5, 2, 6, 7, 4, 9, 1, 5, 2, 8, 3, 7, 4, 6, 1, 5, 8, 3, 9, 7, 5, 3, 7, 4, 5, 3, 1, 9, 6, 3, 7, 6, 2, 4, ', 2),
(199, '2017-06-13 3:33:57', '99', '2, 7, 6, 4, 9, 1, 2, 8, 6, 7, 3, 9, 4, 5, 7, 6, 1, 2, 5, 8, 6, 7, 2, 9, 5, 4, 8, 3, 1, 8, 3, 1, 4, 7, 5, 1, 6, 9, 2, 8, 7, 5, 6, 1, 4, 1, 7, 2, 8, 3, 5, 2, 3, 1, 6, 2, 8, 3, 4, 9, 9, 2, 7, 3, 1, 4, 6, 8, 4, 2, 7, 1, 8, 4, 5, 4, 3, 1, 6, 8, 6, 1, 2, 7, 3, 4, 8, 2, 6, 1, 2, 9, 3, 4, 1, 7, 5, 4, 2, 1, ', 2),
(200, '2017-06-14 5:28:49', '100', '8, 4, 6, 3, 1, 6, 8, 9, 4, 4, 4, 6, 7, 3, 4, 1, 2, 9, 8, 4, 5, 4, 7, 8, 4, 9, 7, 2, 1, 7, 2, 7, 4, 1, 5, 8, 9, 3, 5, 6, 3, 7, 6, 3, 1, 7, 9, 6, 5, 4, 3, 6, 8, 3, 5, 6, 1, 2, 9, 8, 4, 8, 7, 2, 1, 6, 9, 3, 5, 8, 4, 3, 7, 8, 1, 5, 7, 9, 3, 2, 8, 7, 4, 2, 9, 6, 8, 9, 3, 2, 3, 6, 8, 2, 4, 5, 6, 7, 2, 1, ', 2),
('201', '2017-6-25 14:00', '101', '7, 2, 4, 5, 8, 3, 2, 10, 1, 6, 1, 5, 3, 2, 6, 2, 3, 7, 8, 10, 10,5, 4, 10, 4, 5, 1, 9, 1, 9, 4, 3, 2, 1, 4, 7, 4, 5, 9, 8, 2, 1, 4, 10, 3, 9, 5, 2, 1, 4, 3, 7, 8, 10, 9, 2, 7, 8, 6, 5, 4, 2, 9, 7, 10, 4, 3, 10, 1, 2, 9, 3, 1, 4, 7, 6, 10, 9, 3, 5, 1, 9, 10, 7, 5, 4, 10, 5, 8, 2, 1, 8, 7, 6, 2, 3, 4, 10, 9, 1', '4'),
('202', '2017-6-25 14:00', '102', '1, 8, 7, 5, 3, 1, 1, 3, 6, 9, 5, 6, 8, 1, 2, 3, 10, 1, 3, 10, 10,5, 6, 8, 9, 1, 5, 4, 10, 2, 4, 4, 10, 9, 3, 3, 6, 4, 2, 7, 5, 6, 4, 2, 3, 7, 1, 5, 8, 4, 6, 5, 1, 9, 5, 4, 10, 10,3, 8, 4, 9, 10, 6, 7, 2, 3, 5, 7, 2, 8, 2, 1, 3, 6, 9, 2, 4, 6, 4, 3, 10, 2, 4, 8, 9, 10, 10,1, 5, 3, 2, 4, 8, 7, 6, 2, 3', '4'),
('203', '2017-6-25 14:00', '103', '4, 3, 7, 9, 10, 2, 6, 5, 1, 3, 7, 2, 10, 8, 5, 7, 1, 8, 10, 2, 1, 7, 6, 4, 3, 2, 8, 9, 10, 1, 2, 6, 4, 7, 3, 2, 8, 9, 1, 5, 3, 10, 4, 6, 3, 1, 2, 4, 7, 2, 1, 9, 7, 6, 3, 5, 8, 1, 4, 2, 8, 3, 5, 1, 10, 8, 9, 4, 7, 2, 4, 8, 1, 5, 7, 2, 9, 4, 3, 10, 1, 6, 5, 9, 3, 8, 2, 10, 4, 8, 6, 9, 4, 2, 7, 3, 9, 1, 10, 6', '4'),
('204', '2017-6-25 14:00', '104', '5, 2, 3, 9, 6, 7, 10, 1, 9, 4, 8, 3, 9, 1, 6, 2, 5, 10, 4, 1, 7, 6, 2, 8, 9, 4, 3, 10, 4, 7, 1, 9, 6, 3, 1, 4, 3, 3, 6, 6, 3, 5, 2, 10, 1, 4, 1, 5, 8, 2, 1, 8, 8, 6, 10, 8, 6, 9, 3, 7, 9, 3, 10, 4, 9, 4, 7, 4, 9, 7, 2, 7, 2, 7, 5, 10, 5, 9, 8, 9, 2, 10, 1, 7, 4, 7, 2, 10, 8, 5, 8, 3, 10, 5, 1, 9, 6, 9, 5, 6', '4'),
('205', '2017-6-25 14:00', '105', '3, 5, 8, 7, 10, 9, 3, 1, 4, 7, 10, 9, 7, 7, 6, 6, 3, 2, 1, 10, 1, 1, 3, 4, 5, 7, 6, 8, 9, 8, 9, 10, 1, 3, 3, 4, 6, 5, 4, 8, 3, 10, 9, 9, 8, 8, 7, 5, 8, 9, 10, 9, 9, 7, 2, 7, 2, 5, 10, 8, 1, 3, 5, 6, 8, 7, 8, 3, 3, 1, 4, 1, 5, 8, 9, 1, 10, 7, 5, 3, 2, 7, 8, 10, 9, 5, 9, 3, 6, 7, 19, 10, 8, 7, 5, 2, 3, 1, 10', '4'),
('206', '2017-6-25 14:00', '106', '2, 7, 3, 5, 1, 4, 10, 9, 3, 6, 1, 3, 6, 9, 2, 5, 7, 10, 4, 2, 1, 7, 4, 1, 5, 3, 2, 9, 8, 1, 3, 6, 8, 2, 10, 5, 7, 1, 9, 4, 8, 5, 4, 3, 2, 1, 9, 1, 5, 4, 3, 7, 6, 5, 1, 2, 10, 5, 4, 3, 7, 2, 1, 3, 5, 3, 9, 8, 1, 4, 2, 6, 7, 8, 10, 3, 9, 2, 4, 1, 5, 7, 8, 1, 2, 10, 9, 6, 4, 1, 1, 5, 3, 2, 7, 6, 22, 10, 6', '4'),
('207', '2017-6-25 14:00', '107', '6, 2, 1, 4, 2, 8, 2, 3, 1, 8, 10, 9, 6, 2, 9, 6, 8, 3, 1, 7, 1, 6, 3, 1, 9, 8, 5, 4, 8, 9, 3, 2, 4, 7, 6, 2, 7, 4, 3, 8, 3, 1, 6, 1, 5, 9, 2, 7, 8, 6, 3, 9, 1, 2, 1, 9, 8, 6, 4, 1, 7, 3, 5, 1, 9, 8, 6, 5, 1, 3, 2, 7, 8, 4, 9, 7, 3, 6, 3, 6, 4, 1, 9, 6, 7, 5, 4, 8, 9, 1, 2, 6, 9, 7, 5, 4, 3, 7, 1, 9', '4'),
('208', '2017-6-25 14:00', '108', '3, 2, 9, 10, 8, 5, 4, 3, 1, 5, 6, 8, 7, 5, 3, 1, 4, 6, 8, 2, 9, 7, 2, 1, 5, 3, 6, 8, 10, 1, 1, 6, 8, 6, 7, 9, 5, 10, 8, 2, 6, 5, 10, 8, 7, 3, 2, 9, 1, 4, 8, 4, 9, 6, 9, 10, 1, 7, 5, 3, 10, 7, 5, 3, 5, 1, 9, 4, 8, 1, 7, 8, 6, 8, 4, 8, 10, 8, 5, 7, 5, 3, 9, 5, 8, 10, 7, 1, 10, 9, 4, 1, 2, 4, 3, 5, 2, 9, 4, 6', '4'),
('209', '2017-6-25 14:00', '109', '10, 3, 9, 1, 7, 8, 2, 2, 10, 4, 8, 6, 5, 9, 1, 4, 8, 7, 7, 6, 2, 1, 10, 3, 9, 7, 5, 8, 4, 2, 3, 7, 10, 9, 6, 6, 8, 1, 9, 8, 1, 2, 2, 4, 5, 4, 5, 7, 10, 1, 9, 9, 2, 7, 6, 5, 1, 2, 1, 3, 8, 3, 7, 6, 9, 10, 8, 7, 3, 10, 1, 10, 9, 1, 4, 5, 8, 9, 9, 1, 6, 6, 7, 2, 10, 1, 9, 3, 4, 8, 6, 2, 3, 1, 10, 7, 1, 2, 5', '4'),
('210', '2017-6-25 14:00', '110', '1, 4, 6, 5, 8, 10, 2, 3, 5, 7, 9, 6, 3, 2, 1, 8, 7, 9, 10, 4, 3, 5, 8, 9, 10, 2, 1, 4, 3, 5, 7, 6, 5, 2, 1, 4, 5, 10, 9, 8, 8, 2, 3, 4, 6, 8, 7, 5, 2, 1, 3, 7, 2, 5, 4, 1, 3, 8, 9, 7, 2, 1, 3, 6, 8, 7, 9, 2, 4, 10, 5, 4, 9, 7, 3, 5, 6, 8, 2, 10, 8, 9, 7, 5, 2, 10, 1, 3, 4, 5, 1, 3, 7, 10, 2, 8, 5, 4, 9, 6', '4'),
('211', '2017-6-25 14:00', '111', '6, 7, 2, 3, 10, 7, 8, 5, 3, 3, 4, 9, 7, 10, 1, 6, 9, 3, 8, 10, 1, 3, 2, 2, 10, 7, 5, 1, 10, 2, 3, 8, 7, 5, 2, 1, 5, 6, 9, 8, 10, 6, 6, 7, 3, 10, 8, 1, 3, 4, 10, 5, 1, 2, 4, 7, 4, 8, 5, 10, 1, 4, 5, 8, 10, 10,9, 2, 1, 7, 7, 8, 5, 4, 1, 6, 5, 1, 9, 3, 2, 8, 2, 9, 1, 3, 2, 8, 7, 9, 10, 7, 9, 10, 10,1, 5, 3, 7, 9', '4'),
('212', '2017-6-25 14:00', '112', '1, 9, 4, 2, 5, 3, 7, 10, 6, 8, 2, 3, 1, 10, 7, 1, 4, 5, 8, 9, 10, 5, 7, 3, 4, 2, 1, 9, 6, 7, 3, 4, 5, 8, 9, 2, 10, 7, 1, 5, 4, 1, 7, 6, 3, 10, 2, 8, 9, 2, 9, 6, 3, 5, 7, 8, 10, 9, 4, 5, 4, 3, 7, 8, 9, 10, 2, 1, 5, 6, 6, 2, 10, 4, 5, 3, 8, 6, 7, 10, 10,9, 7, 3, 4, 5, 8, 6, 2, 1, 4, 8, 5, 6, 3, 1, 4, 8, 9, 10', '4'),
('213', '2017-6-25 14:00', '113', '8, 3, 8, 7, 4, 10, 2, 9, 9, 5, 4, 1, 7, 8, 3, 1, 10, 7, 3, 9, 3, 1, 7, 2, 8, 4, 9, 10, 6, 6, 7, 9, 8, 6, 5, 5, 10, 1, 4, 2, 7, 6, 10, 1, 1, 8, 2, 5, 9, 3, 4, 7, 9, 3, 6, 5, 2, 1, 6, 1, 10, 3, 6, 4, 3, 5, 9, 1, 2, 5, 2, 7, 3, 1, 4, 9, 8, 10, 1, 3, 3, 4, 5, 1, 8, 7, 10, 1, 9, 4, 3, 2, 10, 1, 7, 9, 8, 6, 4, 3', '4'),
('214', '2017-6-25 14:00', '114', '5, 7, 4, 2, 1, 5, 10, 8, 5, 2, 1, 4, 8, 6, 4, 2, 9, 5, 9, 3, 3, 7, 2, 5, 1, 10, 4, 7, 6, 9, 2, 3, 10, 2, 9, 3, 2, 1, 3, 5, 4, 8, 5, 9, 1, 7, 5, 4, 10, 9, 7, 10, 2, 5, 6, 3, 10, 7, 2, 1, 8, 1, 4, 10, 7, 4, 9, 5, 7, 8, 10, 3, 7, 2, 4, 10, 5, 1, 10, 9, 5, 4, 3, 9, 1, 7, 2, 7, 2, 5, 9, 1, 8, 4, 5, 3, 8, 6, 5, 4', '4'),
('215', '2017-6-25 14:00', '115', '3, 5, 7, 1, 9, 10, 7, 2, 3, 5, 4, 2, 1, 10, 8, 7, 3, 10, 5, 2, 10, 9, 5, 4, 3, 1, 7, 6, 3, 1, 6, 8, 4, 10, 8, 10, 7, 9, 4, 2, 8, 4, 10, 3, 5, 2, 6, 7, 6, 2, 10, 9, 8, 2, 8, 7, 3, 5, 1, 1, 7, 1, 3, 4, 9, 10, 2, 6, 7, 3, 10, 1, 4, 9, 6, 10, 8, 3, 5, 2, 5, 4, 3, 2, 6, 1, 8, 10, 6, 7, 8, 9, 10, 3, 7, 4, 5, 9, 3, 8', '4'),
('216', '2017-6-25 14:00', '116', '1, 10, 2, 5, 8, 7, 3, 2, 4, 5, 10, 8, 3, 2, 1, 4, 1, 1, 2, 5, 5, 10, 4, 2, 4, 2, 6, 1, 7, 8, 9, 9, 1, 3, 2, 5, 4, 8, 7, 6, 10, 1, 10, 2, 6, 4, 4, 4, 4, 5, 10, 10,2, 3, 5, 8, 1, 9, 6, 9, 3, 3, 9, 2, 9, 8, 8, 8, 6, 6, 6, 5, 4, 3, 2, 1, 1, 10, 9, 8, 7, 5, 5, 10, 3, 4, 8, 7, 6, 9, 3, 4, 2, 1, 9, 10, 8, 7, 9, 6, 5', '4'),
('217', '2017-6-25 14:00', '117', '10, 7, 8, 5, 6, 1, 2, 4, 7, 3, 1, 9, 4, 3, 8, 7, 3, 1, 10, 2, 8, 3, 7, 6, 5, 2, 10, 4, 9, 2, 7, 5, 8, 1, 10, 9, 2, 1, 7, 7, 5, 1, 2, 8, 5, 3, 4, 7, 4, 5, 10, 2, 9, 10, 4, 7, 3, 5, 2, 1, 2, 3, 5, 9, 1, 4, 2, 3, 5, 8, 7, 3, 2, 10, 9, 5, 4, 1, 2, 7, 8, 6, 5, 9, 10, 8, 3, 2, 10, 4, 7, 6, 5, 2, 4, 3, 8, 7, 5, 6', '4'),
('218', '2017-6-25 14:00', '118', '2, 7, 9, 1, 3, 5, 6, 8, 10, 4, 5, 7, 9, 3, 1, 2, 10, 4, 6, 8, 1, 3, 5, 7, 9, 10, 8, 6, 4, 2, 7, 8, 5, 2, 1, 3, 4, 9, 6, 10, 10,8, 6, 4, 2, 1, 3, 5, 7, 9, 5, 6, 1, 2, 3, 7, 9, 8, 10, 4, 6, 1, 3, 2, 5, 4, 8, 9, 10, 7, 3, 2, 4, 5, 7, 9, 8, 10, 1, 6, 9, 10, 1, 2, 5, 6, 7, 8, 3, 4, 10, 9, 1, 2, 4, 7, 8, 5, 6, 3', '4'),
('219', '2017-6-25 14:00', '119', '7, 5, 1, 10, 6, 1, 8, 10, 9, 2, 3, 6, 1, 9, 8, 5, 3, 4, 1, 8, 5, 2, 6, 3, 10, 2, 1, 4, 10, 6, 7, 9, 10, 1, 10, 5, 6, 3, 2, 5, 9, 7, 3, 1, 5, 8, 9, 1, 3, 6, 1, 4, 8, 5, 6, 1, 3, 9, 10, 1, 7, 8, 6, 9, 10, 4, 1, 2, 6, 3, 2, 5, 1, 7, 9, 10, 8, 7, 1, 3, 4, 1, 3, 9, 1, 10, 4, 8, 9, 10, 1, 2, 6, 5, 8, 10, 2, 8, 6, 1', '4'),
('220', '2017-6-25 14:00', '120', '10, 1, 10, 1, 10, 2, 3, 4, 5, 6, 1, 4, 2, 3, 4, 6, 5, 1, 3, 6, 3, 3, 2, 1, 4, 5, 9, 8, 2, 3, 10, 1, 9, 8, 7, 6, 3, 2, 1, 7, 1, 1, 2, 1, 3, 4, 8, 7, 6, 5, 2, 1, 2, 3, 2, 4, 6, 8, 1, 10, 7, 1, 3, 2, 6, 1, 7, 8, 4, 9, 9, 2, 3, 4, 6, 8, 8, 4, 9, 10, 1, 4, 1, 3, 6, 9, 6, 9, 10, 1, 5, 4, 6, 2, 3, 6, 8, 4, 5, 6', '4'),
('221', '2017-6-25 14:00', '121', '2, 7, 5, 3, 1, 9, 7, 8, 4, 1, 3, 9, 10, 4, 6, 2, 1, 6, 4, 2, 7, 2, 1, 5, 3, 8, 9, 10, 6, 7, 9, 10, 7, 3, 2, 5, 7, 8, 2, 1, 5, 3, 7, 1, 10, 9, 1, 4, 3, 4, 10, 7, 5, 6, 4, 9, 8, 2, 5, 4, 2, 7, 5, 6, 1, 10, 7, 9, 10, 2, 3, 9, 10, 7, 4, 5, 2, 1, 5, 4, 10, 3, 5, 4, 7, 2, 1, 10, 3, 2, 9, 7, 8, 5, 4, 7, 6, 5, 3, 1', '4'),
('222', '2017-6-25 14:00', '122', '4, 8, 5, 6, 8, 4, 2, 1, 10, 5, 6, 4, 5, 2, 1, 3, 4, 7, 8, 9, 9, 9, 10, 1, 3, 4, 5, 6, 5, 4, 2, 2, 8, 6, 7, 6, 3, 4, 8, 10, 5, 7, 8, 9, 10, 10,1, 2, 5, 8, 7, 6, 9, 9, 1, 4, 6, 7, 8, 5, 1, 3, 4, 1, 5, 1, 10, 9, 8, 7, 5, 6, 8, 1, 2, 5, 8, 6, 7, 8, 4, 3, 8, 4, 2, 5, 7, 1, 4, 1, 2, 1, 6, 8, 4, 3, 4, 2, 6, 8', '4'),
('223', '2017-6-25 14:00', '123', '4, 6, 1, 8, 7, 2, 5, 10, 3, 9, 2, 10, 9, 5, 4, 3, 4, 1, 8, 10, 5, 1, 7, 3, 8, 4, 2, 3, 9, 1, 8, 10, 3, 6, 4, 7, 2, 5, 8, 9, 7, 4, 5, 4, 9, 2, 1, 3, 1, 10, 5, 7, 4, 4, 9, 2, 5, 10, 7, 9, 6, 5, 9, 10, 3, 4, 5, 6, 7, 9, 10, 8, 8, 4, 1, 7, 3, 1, 2, 4, 1, 3, 2, 5, 6, 8, 1, 3, 7, 5, 3, 9, 1, 10, 9, 10, 2, 9, 8, 6', '4'),
('224', '2017-6-25 14:00', '124', '7, 9, 3, 2, 1, 3, 5, 2, 7, 4, 10, 7, 5, 8, 1, 4, 2, 3, 1, 6, 4, 7, 10, 1, 5, 3, 6, 9, 1, 7, 9, 10, 5, 1, 3, 7, 4, 2, 1, 6, 4, 1, 3, 8, 5, 9, 7, 10, 1, 7, 9, 4, 2, 6, 3, 1, 8, 7, 10, 5, 6, 2, 1, 3, 7, 10, 9, 8, 10, 3, 7, 6, 9, 1, 3, 2, 8, 9, 10, 5, 5, 4, 3, 2, 1, 10, 7, 8, 9, 10, 5, 2, 1, 4, 7, 6, 5, 1, 3, 2', '4'),
('225', '2017-6-25 14:00', '125', '4, 6, 1, 5, 4, 2, 5, 1, 6, 5, 3, 5, 4, 6, 10, 9, 1, 3, 9, 4, 10, 2, 4, 5, 10, 1, 7, 5, 1, 4, 8, 7, 5, 1, 4, 3, 6, 1, 8, 10, 10,2, 5, 7, 6, 8, 7, 10, 4, 5, 4, 5, 3, 10, 7, 9, 10, 5, 4, 1, 5, 5, 6, 7, 10, 1, 2, 9, 8, 4, 4, 3, 5, 8, 9, 10, 7, 4, 8, 1, 1, 3, 8, 8, 8, 9, 5, 10, 1, 2, 2, 4, 3, 1, 7, 2, 4, 1, 3, 4', '4'),
('226', '2017-6-25 14:00', '126', '7, 2, 8, 5, 3, 1, 10, 6, 4, 9, 5, 7, 6, 1, 2, 1, 2, 3, 9, 8, 8, 5, 7, 1, 2, 3, 9, 10, 9, 10, 3, 1, 2, 8, 3, 9, 6, 4, 3, 2, 1, 7, 5, 6, 3, 8, 10, 6, 7, 8, 5, 1, 4, 5, 7, 9, 10, 6, 7, 3, 3, 9, 6, 5, 7, 5, 8, 5, 6, 10, 1, 6, 5, 3, 2, 6, 7, 9, 8, 10, 5, 8, 7, 5, 3, 4, 1, 10, 6, 6, 1, 5, 3, 5, 5, 9, 8, 7, 5, 7', '4'),
('227', '2017-6-25 14:00', '127', '6, 3, 5, 4, 6, 9, 3, 1, 3, 4, 9, 10, 3, 4, 7, 9, 2, 2, 1, 7, 4, 7, 5, 6, 1, 1, 10, 1, 3, 5, 7, 8, 8, 3, 2, 9, 6, 4, 6, 4, 3, 5, 2, 4, 9, 8, 1, 10, 2, 3, 7, 8, 1, 2, 3, 10, 8, 10, 9, 7, 6, 4, 5, 3, 6, 5, 5, 5, 4, 2, 1, 10, 9, 7, 6, 10, 3, 4, 67, 8, 9, 5, 4, 7, 10, 1, 2, 9, 7, 6, 4, 3, 1, 9, 1, 10, 3, 6, 6, 6', '4'),
('228', '2017-6-25 14:00', '128', '5, 8, 9, 10, 1, 2, 7, 9, 4, 3, 4, 5, 1, 2, 1, 5, 9, 10, 10,4, 3, 2, 5, 5, 1, 4, 9, 8, 7, 7, 4, 9, 9, 10, 4, 5, 5, 4, 3, 1, 10, 1, 2, 10, 10,4, 10, 9, 8, 6, 6, 9, 9, 10, 10,10, 4, 5, 8, 9, 2, 2, 1, 3, 3, 1, 9, 10, 4, 7, 10, 4, 1, 9, 8, 7, 4, 3, 1, 1, 7, 6, 6, 4, 3, 5, 9, 8, 9, 7, 2, 10, 10,4, 5, 9, 8, 7, 2, 3, 1', '4'),
('229', '2017-6-25 14:00', '129', '2, 4, 3, 1, 5, 6, 10, 8, 7, 6, 3, 2, 1, 10, 9, 8, 7, 5, 1, 2, 4, 5, 10, 1, 2, 3, 2, 4, 5, 7, 10, 2, 3, 1, 5, 7, 8, 10, 9, 5, 4, 3, 1, 4, 5, 6, 8, 9, 2, 3, 1, 4, 6, 7, 10, 9, 7, 6, 4, 3, 4, 6, 2, 3, 1, 5, 8, 10, 9, 7, 5, 7, 10, 9, 1, 2, 5, 4, 3, 1, 2, 5, 4, 3, 10, 9, 2, 1, 3, 5, 1, 6, 8, 9, 10, 2, 1, 3, 4, 5', '4'),
('230', '2017-6-25 14:00', '130', '10, 2, 4, 1, 5, 7, 7, 9, 10, 1, 2, 3, 9, 7, 1, 4, 3, 2, 1, 6, 5, 5, 3, 2, 9, 8, 10, 7, 4, 2, 2, 6, 3, 8, 9, 10, 5, 7, 6, 3, 7, 4, 6, 2, 3, 2, 2, 1, 10, 8, 8, 4, 3, 2, 1, 1, 1, 10, 9, 4, 5, 3, 7, 6, 5, 7, 6, 8, 10, 2, 1, 1, 8, 7, 3, 2, 1, 9, 5, 6, 3, 7, 8, 9, 10, 1, 2, 4, 5, 6, 1, 2, 5, 9, 8, 7, 6, 5, 4, 3', '4'),
('231', '2017-6-25 14:00', '131', '2, 5, 4, 9, 7, 8, 2, 3, 1, 9, 4, 5, 3, 7, 8, 10, 1, 4, 2, 7, 1, 3, 10, 6, 7, 4, 5, 2, 6, 2, 5, 4, 3, 1, 9, 10, 7, 1, 4, 1, 2, 7, 9, 10, 5, 3, 1, 7, 4, 6, 6, 7, 2, 3, 7, 6, 5, 4, 2, 6, 1, 10, 4, 5, 3, 2, 7, 6, 9, 10, 10,1, 2, 3, 5, 6, 7, 9, 2, 4, 1, 2, 7, 6, 4, 5, 3, 2, 10, 9, 8, 7, 1, 6, 2, 3, 5, 3, 4, 7', '4'),
('232', '2017-6-25 14:00', '132', '1, 7, 5, 8, 10, 9, 4, 2, 7, 3, 10, 5, 8, 9, 5, 4, 3, 1, 6, 7, 9, 7, 3, 2, 1, 5, 10, 6, 8, 2, 7, 3, 5, 4, 2, 7, 1, 5, 9, 10, 1, 7, 5, 3, 4, 7, 10, 9, 8, 2, 10, 8, 7, 3, 5, 4, 8, 9, 1, 1, 9, 7, 6, 8, 7, 5, 4, 1, 7, 1, 10, 7, 6, 9, 7, 5, 1, 2, 3, 5, 8, 9, 7, 6, 7, 8, 10, 9, 8, 2, 1, 2, 3, 5, 7, 8, 9, 1, 10, 4', '4'),
('233', '2017-6-25 14:00', '133', '6, 8, 8, 3, 6, 1, 8, 1, 6, 4, 9, 2, 3, 9, 8, 9, 5, 4, 3, 2, 3, 4, 5, 10, 9, 3, 6, 10, 7, 5, 1, 2, 3, 4, 5, 9, 10, 10,1, 4, 1, 10, 5, 6, 1, 2, 3, 4, 7, 8, 2, 4, 5, 1, 6, 9, 10, 1, 5, 4, 10, 1, 2, 4, 6, 8, 7, 5, 4, 3, 4, 9, 3, 1, 5, 4, 6, 7, 8, 10, 4, 6, 9, 7, 4, 3, 2, 1, 6, 4, 8, 10, 1, 8, 6, 4, 3, 2, 5, 3', '4'),
('234', '2017-6-25 14:00', '134', '3, 4, 8, 5, 9, 1, 5, 3, 2, 1, 8, 6, 7, 5, 3, 3, 8, 10, 9, 6, 7, 9, 10, 3, 4, 2, 1, 8, 5, 7, 3, 2, 5, 6, 10, 7, 4, 8, 5, 4, 7, 8, 9, 10, 8, 5, 4, 3, 2, 2, 1, 5, 7, 9, 8, 7, 3, 2, 5, 4, 8, 9, 10, 7, 6, 3, 4, 5, 9, 2, 10, 5, 8, 4, 10, 3, 2, 1, 8, 7, 4, 3, 2, 5, 5, 7, 8, 3, 4, 9, 5, 8, 7, 6, 3, 2, 1, 10, 9, 5', '4'),
('235', '2017-6-25 14:00', '135', '3, 4, 2, 10, 9, 5, 4, 2, 1, 5, 6, 7, 10, 2, 3, 1, 5, 4, 2, 6, 7, 7, 8, 10, 9, 3, 5, 2, 1, 2, 4, 3, 5, 6, 10, 2, 4, 4, 3, 5, 6, 10, 1, 5, 4, 2, 1, 4, 3, 10, 9, 8, 5, 2, 4, 6, 5, 4, 5, 2, 10, 9, 3, 2, 3, 1, 10, 2, 4, 5, 6, 9, 6, 4, 3, 2, 5, 1, 5, 6, 7, 10, 9, 8, 5, 3, 9, 7, 4, 2, 9, 3, 10, 5, 6, 9, 4, 9, 10, 1', '4'),
('236', '2017-6-25 14:00', '136', '1, 8, 9, 4, 4, 3, 2, 1, 7, 9, 4, 10, 1, 1, 1, 2, 6, 5, 8, 9, 2, 1, 7, 3, 6, 5, 9, 10, 2, 2, 4, 4, 3, 2, 7, 9, 7, 6, 9, 10, 5, 1, 2, 4, 6, 7, 3, 3, 2, 4, 8, 9, 1, 10, 1, 3, 2, 4, 5, 6, 7, 6, 5, 5, 7, 10, 4, 2, 2, 3, 7, 8, 9, 3, 3, 2, 1, 10, 4, 4, 5, 9, 8, 7, 7, 3, 2, 4, 5, 8, 10, 5, 1, 4, 7, 2, 4, 8, 7, 9', '4'),
('237', '2017-6-25 14:00', '137', '1, 2, 4, 7, 6, 5, 8, 2, 3, 4, 2, 9, 5, 6, 2, 8, 3, 4, 2, 6, 7, 8, 1, 2, 4, 5, 6, 3, 2, 9, 1, 2, 4, 6, 7, 6, 3, 8, 2, 6, 9, 2, 4, 7, 8, 2, 4, 2, 3, 5, 4, 6, 7, 8, 2, 5, 4, 3, 2, 10, 2, 4, 6, 7, 5, 3, 8, 9, 2, 4, 3, 5, 2, 4, 6, 7, 8, 9, 1, 2, 4, 6, 7, 8, 9, 2, 3, 4, 5, 6, 7, 8, 3, 2, 5, 10, 6, 3, 9, 2', '4'),
('238', '2017-6-25 14:00', '138', '1, 7, 3, 5, 9, 10, 3, 3, 3, 7, 9, 1, 4, 6, 8, 5, 9, 1, 2, 1, 2, 7, 9, 6, 5, 4, 3, 2, 1, 10, 2, 3, 7, 6, 9, 10, 4, 3, 2, 1, 7, 1, 2, 3, 5, 7, 9, 1, 3, 9, 3, 9, 2, 5, 4, 6, 3, 9, 3, 1, 2, 7, 6, 1, 10, 5, 10, 1, 2, 5, 3, 6, 9, 10, 1, 4, 6, 7, 8, 10, 1, 8, 9, 2, 3, 5, 7, 9, 2, 3, 5, 6, 10, 1, 2, 5, 7, 8, 9, 6', '4'),
('239', '2017-6-25 14:00', '139', '2, 1, 3, 5, 6, 10, 9, 2, 2, 3, 1, 3, 7, 5, 2, 6, 7, 1, 10, 3, 2, 8, 10, 1, 3, 6, 5, 8, 3, 2, 5, 9, 10, 7, 2, 1, 6, 8, 2, 4, 6, 2, 5, 7, 8, 10, 7, 6, 9, 2, 1, 5, 4, 10, 1, 7, 1, 2, 3, 7, 8, 6, 9, 10, 1, 5, 9, 9, 3, 4, 5, 2, 4, 1, 7, 5, 3, 2, 10, 1, 5, 6, 2, 3, 9, 7, 1, 1, 9, 5, 3, 6, 8, 9, 5, 2, 10, 3, 7, 8', '4'),
('240', '2017-6-25 14:00', '140', '10, 9, 6, 5, 4, 10, 1, 3, 2, 7, 7, 7, 8, 1, 2, 2, 3, 5, 10, 9, 5, 6, 10, 1, 2, 7, 8, 10, 9, 6, 2, 3, 4, 10, 7, 9, 8, 5, 10, 7, 9, 7, 10, 1, 5, 3, 6, 2, 1, 4, 10, 6, 1, 5, 2, 4, 3, 4, 2, 1, 2, 10, 6, 7, 5, 6, 4, 3, 2, 7, 8, 5, 10, 8, 7, 6, 5, 2, 2, 1, 1, 1, 2, 2, 4, 5, 7, 8, 9, 10, 8, 10, 9, 9, 7, 8, 5, 4, 3, 2', '4'),
('241', '2017-6-25 14:00', '141', '8, 1, 2, 5, 7, 6, 6, 8, 4, 2, 8, 3, 9, 9, 9, 9, 7, 6, 7, 7, 7, 1, 4, 8, 7, 6, 7, 3, 2, 1, 9, 9, 9, 4, 4, 5, 5, 5, 5, 5, 8, 8, 8, 4, 4, 5, 5, 6, 7, 8, 9, 1, 2, 1, 1, 1, 3, 3, 3, 1, 7, 6, 6, 6, 6, 7, 7, 7, 8, 8, 9, 1, 1, 1, 3, 8, 7, 6, 5, 2, 9, 7, 4, 5, 6, 9, 7, 6, 5, 2, 8, 6, 3, 2, 7, 7, 7, 6, 5, 1', '4'),
('242', '2017-6-25 14:00', '142', '9, 7, 3, 5, 8, 6, 9, 10, 4, 1, 2, 3, 9, 6, 7, 2, 3, 4, 10, 9, 6, 3, 2, 1, 8, 9, 8, 6, 8, 10, 9, 4, 3, 3, 10, 3, 7, 10, 6, 9, 7, 5, 3, 5, 3, 8, 3, 2, 4, 9, 2, 1, 6, 4, 6, 5, 4, 6, 2, 3, 5, 3, 9, 4, 8, 9, 1, 5, 6, 10, 7, 8, 3, 1, 8, 2, 5, 10, 6, 5, 3, 6, 5, 5, 9, 1, 8, 7, 9, 1, 7, 9, 3, 4, 8, 10, 6, 1, 3, 10', '4'),
('243', '2017-6-25 14:00', '143', '7, 8, 4, 2, 1, 1, 3, 4, 5, 3, 1, 7, 6, 2, 3, 7, 2, 8, 9, 10, 1, 2, 7, 8, 2, 3, 9, 1, 5, 3, 4, 3, 4, 3, 6, 4, 7, 8, 8, 3, 6, 2, 3, 4, 7, 10, 4, 2, 5, 10, 7, 10, 1, 3, 9, 2, 3, 3, 4, 6, 2, 7, 5, 7, 4, 10, 2, 4, 2, 9, 10, 3, 10, 10,9, 1, 6, 7, 8, 9, 8, 4, 8, 8, 4, 3, 5, 3, 2, 1, 10, 7, 1, 1, 10, 9, 2, 3, 9, 1', '4'),
('244', '2017-6-25 14:00', '144', '7, 3, 2, 8, 1, 4, 9, 5, 10, 6, 6, 4, 9, 4, 1, 3, 6, 6, 2, 7, 1, 10, 3, 2, 4, 7, 6, 5, 5, 5, 3, 7, 3, 4, 10, 7, 2, 1, 9, 7, 5, 4, 8, 4, 8, 6, 2, 9, 4, 4, 7, 3, 2, 2, 1, 7, 6, 10, 3, 6, 9, 1, 6, 1, 9, 4, 8, 10, 9, 4, 2, 2, 2, 10, 3, 6, 8, 5, 6, 7, 4, 1, 5, 4, 2, 5, 4, 9, 6, 3, 6, 4, 10, 7, 3, 4, 3, 3, 2, 1', '4'),
('245', '2017-6-25 14:00', '145', '1, 9, 5, 10, 2, 6, 4, 1, 4, 1, 8, 4, 2, 4, 10, 4, 7, 10, 9, 9, 2, 5, 3, 6, 10, 5, 1, 2, 1, 3, 1, 4, 2, 10, 6, 4, 4, 4, 5, 9, 10, 2, 8, 2, 10, 10,4, 4, 5, 3, 4, 7, 10, 9, 9, 2, 3, 4, 8, 1, 8, 7, 4, 9, 7, 8, 7, 4, 2, 6, 8, 9, 7, 8, 3, 3, 5, 5, 6, 4, 7, 2, 8, 7, 2, 2, 5, 1, 2, 4, 6, 2, 7, 9, 1, 5, 1, 6, 1, 6, 8, 7, 10, 6, 2, 10', '4'),
('246', '2017-6-25 14:00', '146', '4, 6, 5, 1, 10, 8, 3, 3, 5, 9, 8, 4, 10, 9, 7, 6, 1, 5, 3, 2, 8, 7, 2, 1, 3, 4, 6, 8, 5, 7, 10, 2, 1, 7, 3, 6, 5, 2, 9, 10, 10,1, 7, 8, 3, 2, 9, 10, 4, 4, 3, 1, 6, 5, 6, 8, 10, 5, 6, 4, 8, 9, 9, 1, 10, 3, 5, 3, 4, 1, 9, 10, 4, 2, 3, 2, 1, 10, 5, 4, 6, 8, 7, 7, 10, 6, 5, 3, 5, 8, 6, 7, 7, 4, 10, 9, 8, 1, 2, 4', '4'),
('247', '2017-6-25 14:00', '147', '7, 3, 2, 9, 7, 4, 1, 10, 2, 6, 3, 9, 4, 4, 2, 7, 6, 1, 5, 10, 3, 3, 3, 2, 5, 7, 10, 9, 4, 2, 6, 7, 3, 1, 4, 9, 10, 7, 8, 3, 8, 2, 8, 9, 4, 6, 7, 10, 10,7, 4, 6, 3, 1, 4, 2, 6, 7, 5, 5, 2, 1, 4, 7, 4, 3, 4, 2, 9, 10, 10,7, 8, 8, 8, 3, 1, 4, 2, 4, 7, 9, 8, 3, 5, 4, 3, 9, 1, 7, 3, 7, 4, 9, 7, 10, 8, 9, 4, 2', '4'),
('248', '2017-6-25 14:00', '148', '1, 3, 5, 10, 8, 8, 9, 5, 4, 3, 2, 2, 1, 3, 9, 8, 7, 7, 6, 3, 9, 5, 6, 8, 7, 1, 2, 2, 4, 4, 5, 6, 7, 6, 6, 1, 3, 10, 10,2, 10, 8, 9, 7, 6, 1, 5, 4, 2, 10, 9, 9, 7, 2, 10, 9, 8, 6, 7, 9, 1, 3, 10, 2, 7, 8, 10, 2, 1, 6, 6, 8, 1, 10, 9, 7, 6, 2, 3, 3, 3, 4, 10, 8, 6, 2, 3, 5, 10, 1, 1, 5, 2, 3, 5, 7, 1, 8, 10, 9', '4'),
('249', '2017-6-25 14:00', '149', '1, 5, 8, 10, 9, 4, 5, 3, 2, 1, 4, 3, 2, 1, 5, 6, 4, 9, 1, 10, 6, 7, 9, 8, 5, 4, 3, 2, 1, 8, 8, 4, 1, 2, 5, 6, 7, 8, 1, 9, 10, 1, 9, 2, 1, 3, 4, 5, 6, 8, 7, 5, 4, 3, 2, 1, 5, 6, 7, 9, 10, 1, 2, 3, 4, 5, 6, 7, 8, 9, 9, 8, 7, 5, 3, 2, 1, 5, 4, 1, 1, 3, 5, 6, 7, 8, 9, 10, 1, 2, 8, 9, 10, 1, 3, 4, 5, 7, 8, 9', '4'),
('250', '2017-6-25 14:00', '150', '1, 7, 9, 3, 5, 4, 3, 1, 9, 2, 5, 2, 1, 9, 7, 3, 3, 2, 7, 9, 1, 3, 2, 8, 6, 4, 9, 8, 2, 1, 3, 5, 4, 2, 2, 7, 6, 5, 7, 5, 1, 3, 4, 8, 9, 2, 5, 4, 3, 9, 9, 6, 5, 3, 9, 4, 7, 1, 8, 6, 6, 5, 4, 9, 9, 1, 8, 4, 3, 2, 6, 6, 7, 8, 9, 7, 7, 4, 3, 2, 1, 4, 2, 2, 3, 1, 4, 5, 1, 2, 6, 9, 2, 1, 3, 5, 6, 7, 9, 6', '4'),
('251', '2017-6-25 14:00', '151', '1, 5, 7, 9, 10, 8, 3, 4, 3, 1, 9, 7, 2, 5, 10, 9, 5, 7, 4, 6, 2, 4, 6, 9, 10, 7, 1, 2, 3, 4, 5, 6, 1, 3, 2, 4, 10, 9, 7, 6, 8, 3, 2, 5, 9, 6, 7, 10, 1, 2, 5, 7, 9, 10, 3, 2, 4, 6, 9, 3, 2, 5, 1, 6, 7, 8, 10, 9, 7, 6, 3, 4, 2, 5, 9, 3, 4, 7, 5, 9, 1, 2, 3, 5, 9, 7, 6, 3, 2, 1, 5, 9, 10, 7, 6, 4, 3, 2, 5, 6', '4'),
('252', '2017-6-25 14:00', '152', '10, 1, 9, 6, 3, 9, 2, 7, 7, 1, 4, 10, 9, 7, 5, 3, 2, 1, 10, 3, 4, 8, 3, 2, 10, 9, 7, 6, 1, 1, 7, 6, 6, 2, 1, 1, 3, 8, 7, 9, 8, 3, 1, 3, 2, 9, 10, 8, 9, 10, 1, 1, 9, 4, 9, 5, 2, 1, 4, 9, 6, 8, 7, 2, 2, 3, 8, 7, 1, 10, 3, 2, 1, 6, 7, 9, 8, 1, 2, 10, 10,1, 3, 7, 9, 7, 10, 9, 1, 2, 9, 7, 5, 5, 9, 10, 1, 8, 3', '4'),
('253', '2017-6-25 14:00', '153', '10, 9, 2, 1, 4, 7, 6, 5, 3, 8, 6, 8, 9, 9, 7, 8, 5, 5, 1, 4, 8, 10, 5, 10, 7, 4, 2, 2, 8, 5, 10, 2, 3, 4, 1, 8, 4, 3, 7, 10, 9, 1, 9, 1, 3, 6, 4, 5, 3, 6, 4, 9, 4, 8, 3, 4, 1, 1, 8, 9, 1, 2, 3, 5, 2, 5, 8, 9, 3, 6, 7, 2, 1, 6, 7, 5, 2, 9, 2, 7, 5, 10, 6, 7, 1, 5, 10, 3, 2, 5, 2, 10, 3, 4, 1, 4, 2, 3, 6, 7', '4'),
('254', '2017-6-25 14:00', '154', '1, 1, 2, 3, 5, 8, 3, 1, 4, 5, 9, 4, 3, 7, 1, 8, 9, 7, 6, 3, 9, 2, 1, 3, 4, 7, 1, 9, 1, 1, 1, 3, 5, 8, 4, 2, 6, 8, 4, 2, 7, 9, 7, 6, 3, 1, 4, 5, 9, 4, 1, 2, 3, 4, 5, 6, 7, 8, 9, 1, 4, 7, 6, 8, 9, 1, 2, 4, 4, 7, 5, 7, 7, 6, 8, 2, 3, 1, 1, 1, 4, 4, 3, 2, 1, 4, 7, 8, 1, 6, 5, 3, 1, 7, 8, 9, 1, 2, 5, 9', '4'),
('255', '2017-6-25 14:00', '155', '3, 7, 4, 2, 8, 6, 5, 7, 9, 1, 2, 3, 7, 6, 4, 8, 10, 4, 6, 7, 4, 2, 8, 9, 3, 7, 6, 4, 9, 8, 5, 3, 1, 10, 7, 8, 6, 4, 2, 1, 3, 6, 5, 8, 9, 6, 3, 2, 10, 1, 5, 6, 8, 9, 2, 1, 4, 3, 5, 2, 7, 8, 3, 6, 4, 8, 2, 9, 10, 2, 5, 1, 7, 7, 2, 1, 3, 6, 8, 9, 4, 10, 2, 6, 3, 6, 4, 8, 2, 7, 6, 3, 5, 8, 10, 9, 2, 7, 8', '4'),
('256', '2017-6-25 14:00', '156', '3, 6, 8, 9, 2, 5, 6, 10, 1, 2, 3, 2, 1, 5, 7, 8, 10, 1, 2, 3, 4, 6, 5, 7, 9, 10, 1, 4, 3, 6, 7, 8, 9, 2, 5, 6, 6, 7, 7, 7, 2, 3, 5, 4, 3, 1, 7, 9, 1, 10, 10,7, 9, 1, 2, 3, 5, 5, 6, 7, 7, 2, 1, 1, 3, 3, 2, 4, 5, 7, 9, 10, 1, 5, 6, 8, 9, 7, 6, 10, 1, 5, 9, 4, 3, 2, 1, 9, 5, 2, 9, 7, 8, 6, 5, 2, 2, 3, 7, 1', '4'),
('257', '2017-6-25 14:00', '157', '4, 3, 1, 7, 9, 10, 2, 1, 1, 4, 7, 2, 3, 1, 9, 10, 1, 3, 2, 1, 4, 7, 9, 8, 1, 3, 3, 2, 5, 6, 6, 3, 2, 7, 9, 10, 9, 8, 3, 1, 2, 7, 6, 5, 3, 4, 1, 6, 3, 7, 9, 10, 3, 4, 5, 2, 7, 6, 3, 2, 2, 2, 1, 9, 10, 6, 8, 3, 8, 1, 2, 5, 6, 10, 1, 4, 2, 1, 7, 8, 9, 6, 10, 2, 3, 10, 7, 2, 1, 10, 6, 1, 5, 4, 7, 3, 9, 1, 2, 8', '4'),
('258', '2017-6-25 14:00', '158', '7, 1, 3, 9, 2, 10, 2, 1, 10, 9, 5, 6, 3, 2, 8, 1, 4, 7, 3, 2, 5, 10, 2, 1, 6, 6, 2, 9, 3, 4, 6, 5, 10, 9, 8, 1, 2, 10, 3, 2, 9, 7, 5, 10, 7, 6, 2, 8, 7, 3, 2, 9, 6, 5, 10, 8, 7, 1, 4, 2, 3, 2, 8, 6, 9, 10, 1, 10, 3, 10, 4, 6, 7, 4, 2, 1, 3, 10, 1, 9, 2, 7, 9, 5, 10, 1, 7, 5, 1, 7, 3, 8, 6, 4, 3, 8, 2, 6, 4, 2', '4'),
('259', '2017-6-25 14:00', '159', '1, 7, 10, 4, 3, 5, 92, 10, 1, 5, 2, 4, 6, 3, 10, 9, 1, 3, 2, 7, 6, 5, 10, 7, 1, 4, 3, 9, 7, 6, 10, 2, 1, 3, 7, 5, 4, 2, 10, 9, 7, 8, 2, 1, 9, 9, 3, 5, 6, 7, 10, 9, 2, 1, 3, 5, 8, 4, 3, 10, 8, 5, 2, 7, 10, 8, 9, 2, 6, 3, 1, 8, 6, 10, 4, 2, 1, 10, 9, 4, 1, 7, 5, 2, 10, 3, 1, 4, 8, 6, 2, 1, 8, 3, 4, 9, 7, 5, 4', '4'),
('260', '2017-6-25 14:00', '160', '2, 5, 7, 3, 1, 10, 4, 9, 3, 2, 5, 1, 4, 2, 8, 5, 5, 2, 3, 4, 8, 3, 2, 7, 4, 3, 5, 1, 8, 9, 1, 5, 7, 8, 6, 5, 2, 8, 7, 8, 3, 7, 9, 10, 4, 2, 1, 3, 4, 5, 2, 6, 2, 5, 10, 3, 7, 10, 1, 1, 1, 6, 7, 4, 3, 7, 5, 8, 2, 10, 7, 8, 8, 9, 2, 10, 2, 9, 3, 1, 3, 7, 6, 1, 9, 10, 5, 4, 7, 4, 1, 2, 5, 7, 8, 3, 9, 2, 10, 1', '4'),
('261', '2017-6-25 14:00', '161', '4, 6, 2, 2, 7, 5, 1, 9, 10, 7, 3, 2, 5, 6, 3, 2, 8, 10, 9, 1, 5, 4, 2, 7, 1, 3, 10, 2, 6, 8, 3, 1, 2, 5, 6, 8, 6, 1, 3, 5, 9, 10, 4, 6, 5, 8, 7, 2, 1, 6, 7, 2, 4, 6, 4, 4, 1, 5, 2, 4, 3, 5, 7, 2, 3, 1, 9, 8, 5, 7, 6, 8, 10, 7, 2, 4, 9, 5, 1, 3, 4, 2, 7, 5, 6, 1, 8, 9, 10, 4, 3, 5, 5, 7, 4, 2, 1, 7, 3, 5', '4'),
('262', '2017-6-25 14:00', '162', '5, 9, 4, 7, 3, 1, 6, 2, 8, 9, 1, 10, 7, 5, 3, 4, 1, 9, 7, 4, 2, 8, 6, 3, 10, 1, 5, 2, 2, 3, 9, 7, 5, 4, 2, 6, 8, 7, 6, 10, 10,5, 1, 4, 7, 3, 9, 5, 2, 1, 7, 3, 5, 2, 8, 9, 10, 9, 7, 3, 5, 1, 4, 6, 3, 7, 9, 7, 5, 1, 6, 8, 10, 1, 4, 4, 2, 5, 5, 7, 6, 5, 1, 10, 4, 3, 7, 6, 3, 10, 7, 1, 3, 5, 8, 5, 7, 4, 2, 6', '4'),
('263', '2017-6-25 14:00', '163', '10, 2, 4, 3, 2, 7, 4, 6, 8, 8, 10, 9, 1, 1, 3, 5, 4, 8, 10, 9, 1, 2, 6, 3, 4, 4, 1, 5, 1, 8, 7, 8, 10, 3, 2, 9, 7, 4, 3, 7, 2, 9, 2, 1, 7, 2, 5, 6, 7, 9, 9, 10, 9, 2, 4, 6, 1, 1, 6, 3, 2, 1, 4, 3, 10, 5, 7, 8, 7, 9, 8, 3, 3, 1, 9, 2, 10, 5, 6, 6, 4, 1, 3, 4, 5, 3, 4, 9, 8, 6, 6, 5, 6, 5, 1, 8, 4, 10, 4, 10', '4'),
('264', '2017-6-25 14:00', '164', '2, 10, 8, 5, 7, 3, 1, 10, 4, 9, 8, 1, 5, 6, 7, 9, 10, 3, 8, 7, 4, 2, 3, 5, 8, 1, 2, 1, 3, 5, 1, 8, 9, 10, 6, 4, 7, 2, 8, 1, 7, 4, 9, 3, 8, 5, 10, 6, 3, 9, 4, 2, 8, 6, 2, 10, 1, 7, 4, 2, 1, 7, 3, 8, 4, 5, 10, 4, 9, 2, 3, 4, 5, 10, 9, 8, 2, 3, 1, 5, 6, 9, 7, 8, 2, 10, 3, 7, 4, 6, 9, 2, 4, 5, 10, 2, 1, 9, 7, 8', '4'),
('265', '2017-6-25 14:00', '165', '1, 2, 3, 4, 5, 6, 7, 8, 9, 10, 3, 9, 6, 2, 1, 5, 4, 8, 7, 10, 10,9, 8, 7, 6, 5, 4, 3, 2, 1, 4, 4, 10, 9, 8, 1, 2, 3, 4, 5, 1, 3, 2, 4, 7, 8, 9, 10, 5, 8, 2, 1, 3, 4, 7, 9, 10, 5, 6, 8, 3, 2, 1, 4, 8, 7, 10, 5, 6, 8, 4, 3, 2, 1, 8, 9, 7, 5, 6, 8, 4, 8, 3, 2, 1, 9, 10, 7, 5, 6, 4, 8, 7, 3, 2, 1, 9, 10, 5, 6', '4'),
('266', '2017-6-25 14:00', '166', '7, 3, 5, 8, 9, 10, 1, 2, 4, 8, 9, 6, 3, 1, 5, 4, 7, 8, 10, 9, 3, 4, 7, 10, 1, 4, 3, 2, 9, 10, 10,8, 7, 4, 8, 1, 3, 5, 7, 9, 5, 4, 3, 10, 1, 2, 4, 5, 8, 2, 1, 2, 5, 3, 4, 10, 7, 9, 1, 5, 3, 5, 4, 10, 2, 1, 5, 4, 7, 8, 9, 10, 1, 3, 5, 7, 6, 4, 6, 6, 3, 1, 6, 8, 9, 10, 1, 2, 4, 2, 3, 5, 9, 6, 7, 6, 9, 10, 2', '4'),
('267', '2017-6-25 14:00', '167', '3, 9, 4, 2, 1, 7, 5, 8, 6, 2, 4, 6, 3, 9, 2, 1, 8, 5, 4, 7, 8, 2, 7, 5, 4, 1, 3, 9, 2, 5, 1, 7, 3, 8, 4, 9, 5, 1, 7, 6, 3, 9, 6, 7, 8, 1, 7, 3, 4, 9, 7, 6, 8, 3, 5, 5, 2, 8, 1, 8, 3, 3, 5, 7, 8, 4, 2, 9, 6, 5, 8, 6, 9, 1, 8, 2, 3, 8, 3, 7, 2, 7, 1, 5, 8, 3, 6, 2, 4, 6, 4, 9, 7, 4, 1, 2, 8, 9, 1', '4'),
('268', '2017-6-25 14:00', '168', '3, 7, 9, 2, 5, 6, 8, 10, 1, 2, 6, 8, 10, 1, 5, 7, 7, 2, 3, 4, 9, 2, 5, 6, 1, 10, 8, 3, 5, 6, 6, 2, 3, 1, 8, 5, 2, 1, 7, 2, 4, 10, 3, 7, 8, 1, 5, 4, 2, 10, 9, 1, 5, 7, 3, 2, 6, 8, 4, 1, 5, 2, 10, 4, 8, 1, 1, 3, 6, 8, 7, 7, 8, 1, 6, 5, 10, 3, 2, 5, 8, 6, 4, 3, 2, 10, 9, 8, 2, 1, 7, 7, 8, 4, 2, 3, 4, 3, 2, 10', '4'),
('269', '2017-6-25 14:00', '169', '5, 6, 7, 10, 1, 1, 9, 7, 3, 2, 10, 5, 4, 3, 1, 2, 8, 8, 10, 4, 6, 5, 1, 10, 5, 8, 9, 1, 3, 2, 4, 6, 5, 7, 10, 2, 1, 9, 10, 7, 4, 4, 6, 8, 9, 5, 2, 2, 4, 3, 5, 6, 2, 3, 10, 10,1, 9, 8, 4, 6, 2, 7, 9, 1, 2, 4, 9, 6, 5, 10, 1, 7, 5, 5, 8, 72, 1, 10, 1, 5, 6, 9, 7, 4, 3, 10, 3, 5, 7, 8, 5, 2, 1, 10, 6, 6, 4, 10', '4'),
('270', '2017-6-25 14:00', '170', '3, 4, 5, 7, 6, 1, 9, 10, 4, 3, 10, 5, 7, 8, 2, 4, 8, 1, 7, 7, 6, 5, 4, 1, 4, 9, 10, 3, 7, 1, 4, 9, 7, 10, 2, 4, 1, 3, 5, 6, 2, 8, 5, 6, 3, 9, 7, 4, 1, 2, 10, 9, 4, 1, 2, 7, 6, 8, 5, 4, 6, 6, 7, 3, 8, 5, 9, 10, 2, 1, 3, 1, 5, 9, 7, 3, 6, 8, 7, 10, 5, 9, 6, 10, 1, 7, 4, 5, 9, 8, 4, 10, 5, 9, 8, 1, 2, 5, 3, 4', '4'),
('271', '2017-6-25 14:00', '171', '1, 9, 6, 2, 3, 6, 8, 10, 9, 7, 8, 5, 1, 9, 2, 5, 6, 2, 3, 4, 8, 9, 10, 6, 5, 4, 3, 1, 2, 3, 8, 1, 10, 3, 2, 4, 8, 9, 10, 1, 6, 7, 1, 2, 3, 8, 9, 2, 4, 5, 7, 5, 8, 1, 5, 9, 4, 8, 2, 1, 3, 4, 8, 9, 5, 2, 3, 7, 9, 10, 8, 1, 2, 3, 1, 9, 4, 7, 10, 9, 2, 3, 4, 9, 8, 7, 6, 4, 2, 7, 1, 3, 4, 7, 5, 1, 10, 9, 6, 1', '4'),
('272', '2017-6-25 14:00', '172', '7, 4, 5, 2, 1, 10, 8, 3, 9, 6, 4, 10, 2, 1, 3, 5, 7, 9, 6, 6, 3, 4, 2, 1, 10, 5, 8, 7, 8, 5, 2, 3, 4, 1, 6, 7, 9, 1, 3, 7, 9, 5, 4, 10, 8, 2, 4, 9, 8, 3, 1, 2, 8, 7, 5, 6, 10, 8, 2, 1, 4, 3, 5, 7, 6, 9, 6, 3, 5, 4, 2, 10, 1, 9, 8, 7, 5, 3, 8, 6, 9, 1, 7, 10, 2, 4, 3, 5, 8, 2, 1, 9, 10, 4, 6, 7', '4'),
('273', '2017-6-25 14:00', '173', '1, 3, 5, 7, 9, 10, 2, 4, 7, 10, 1, 9, 3, 1, 2, 8, 9, 7, 10, 1, 4, 2, 10, 10,6, 3, 5, 7, 8, 9, 7, 9, 1, 3, 1, 10, 1, 8, 3, 2, 6, 5, 4, 2, 3, 2, 3, 9, 1, 10, 3, 8, 7, 2, 5, 3, 4, 10, 5, 7, 4, 6, 5, 4, 2, 10, 5, 3, 9, 4, 3, 1, 7, 9, 7, 1, 9, 4, 7, 3, 2, 5, 10, 8, 9, 2, 8, 2, 8, 1, 7, 8, 9, 2, 8, 5, 10, 1, 3, 5', '4'),
('274', '2017-6-25 14:00', '174', '1, 4, 2, 9, 7, 5, 10, 1, 3, 4, 5, 2, 7, 6, 8, 10, 2, 4, 6, 5, 3, 7, 8, 2, 4, 10, 5, 6, 8, 3, 1, 2, 4, 5, 9, 10, 1, 4, 2, 9, 5, 6, 3, 2, 8, 9, 1, 2, 5, 4, 3, 2, 3, 3, 4, 10, 6, 1, 9, 4, 3, 1, 5, 7, 1, 4, 8, 5, 6, 4, 5, 8, 5, 1, 9, 6, 6, 10, 9, 1, 6, 5, 2, 10, 5, 8, 2, 9, 2, 4, 2, 9, 7, 8, 6, 8, 3, 2, 4, 5', '4'),
('275', '2017-6-25 14:00', '175', '7, 5, 3, 4, 3, 1, 2, 10, 7, 8, 3, 6, 1, 3, 5, 4, 8, 9, 10, 9, 8, 3, 7, 2, 1, 4, 2, 1, 10, 9, 1, 8, 3, 7, 6, 1, 5, 8, 7, 7, 2, 3, 1, 7, 2, 2, 8, 9, 1, 10, 9, 4, 8, 1, 7, 4, 5, 6, 4, 1, 2, 3, 7, 9, 1, 8, 7, 4, 5, 3, 1, 7, 9, 10, 4, 6, 10, 7, 7, 2, 3, 3, 1, 5, 9, 2, 7, 10, 9, 10, 2, 3, 10, 7, 5, 10, 4, 2, 3, 6', '4'),
('276', '2017-6-25 14:00', '176', '6, 5, 10, 4, 1, 9, 8, 7, 4, 3, 7, 10, 2, 5, 7, 6, 10, 8, 1, 9, 2, 4, 6, 10, 1, 3, 8, 10, 7, 5, 1, 4, 5, 10, 6, 1, 9, 2, 5, 10, 2, 1, 4, 7, 8, 7, 1, 9, 10, 6, 8, 1, 10, 9, 6, 4, 5, 9, 2, 3, 7, 3, 8, 10, 3, 9, 4, 7, 6, 10, 2, 6, 4, 9, 9, 8, 10, 3, 1, 10, 10,1, 6, 4, 10, 5, 3, 4, 4, 1, 7, 3, 8, 4, 7, 2, 7, 10, 3, 5, 1', '4'),
('277', '2017-6-25 14:00', '177', '7, 8, 10, 5, 2, 1, 3, 7, 10, 6, 5, 6, 6, 7, 3, 1, 4, 4, 3, 10, 9, 8, 3, 2, 7, 6, 5, 10, 1, 5, 5, 10, 3, 9, 7, 10, 3, 2, 6, 1, 4, 9, 1, 8, 9, 7, 6, 7, 5, 8, 7, 4, 2, 3, 4, 3, 10, 5, 5, 7, 5, 3, 7, 6, 2, 7, 5, 3, 4, 2, 8, 1, 10, 1, 4, 5, 8, 10, 3, 5, 1, 2, 5, 5, 2, 8, 6, 1, 9, 8, 10, 10,7, 3, 7, 2, 8, 5, 2, 1', '4'),
('278', '2017-6-25 14:00', '178', '2, 6, 5, 1, 4, 9, 3, 8, 6, 1, 5, 7, 3, 7, 10, 8, 7, 6, 8, 4, 6, 4, 1, 6, 5, 9, 4, 6, 10, 3, 4, 2, 2, 4, 3, 8, 6, 8, 7, 9, 2, 5, 4, 9, 7, 7, 8, 1, 4, 4, 1, 10, 8, 7, 1, 2, 10, 1, 4, 2, 3, 5, 8, 1, 2, 6, 5, 4, 8, 2, 5, 7, 4, 9, 3, 4, 4, 6, 9, 8, 6, 7, 3, 2, 4, 2, 3, 10, 4, 9, 7, 1, 5, 1, 5, 10, 6, 7, 1, 3', '4'),
('279', '2017-6-25 14:00', '179', '5, 2, 1, 3, 9, 7, 10, 4, 2, 7, 8, 9, 10, 1, 4, 6, 7, 8, 10, 3, 4, 5, 4, 2, 1, 7, 6, 8, 4, 3, 1, 2, 3, 7, 6, 4, 3, 5, 9, 10, 9, 4, 2, 1, 10, 7, 6, 5, 4, 3, 2, 1, 10, 9, 8, 7, 4, 3, 1, 4, 5, 9, 8, 7, 5, 6, 9, 10, 1, 3, 5, 8, 9, 7, 6, 5, 4, 3, 2, 1, 8, 10, 9, 1, 4, 5, 8, 9, 2, 3, 7, 6, 5, 4, 1, 2, 7, 2, 3, 8', '4'),
('280', '2017-6-25 14:00', '180', '4, 7, 2, 1, 3, 9, 8, 10, 6, 5, 8, 9, 1, 4, 7, 5, 10, 3, 2, 9, 3, 2, 1, 6, 7, 8, 10, 9, 4, 5, 1, 2, 3, 4, 5, 6, 7, 8, 9, 10, 6, 4, 2, 10, 9, 3, 6, 10, 8, 1, 2, 9, 10, 8, 5, 3, 4, 7, 10, 6, 5, 3, 4, 1, 9, 10, 8, 6, 7, 3, 9, 1, 2, 8, 3, 7, 4, 6, 5, 10, 7, 4, 3, 10, 2, 1, 9, 3, 9, 7, 10, 2, 5, 7, 6, 8, 7, 5, 2, 10', '4'),
('281', '2017-6-25 14:00', '181', '3, 2, 7, 8, 1, 5, 3, 6, 10, 4, 5, 10, 6, 8, 4, 10, 4, 7, 9, 10, 7, 2, 1, 4, 1, 5, 8, 9, 3, 4, 6, 4, 2, 2, 3, 1, 9, 3, 9, 8, 2, 10, 6, 9, 1, 10, 8, 4, 6, 4, 7, 5, 8, 8, 4, 5, 3, 10, 10,3, 1, 10, 8, 2, 9, 3, 4, 8, 7, 1, 2, 10, 3, 1, 2, 2, 3, 4, 9, 10, 5, 1, 9, 10, 6, 1, 7, 8, 7, 6, 7, 5, 1, 2, 4, 6, 5, 1, 4, 10', '4'),
('282', '2017-6-25 14:00', '182', '7, 5, 3, 6, 2, 10, 1, 6, 8, 9, 2, 5, 3, 10, 4, 8, 9, 4, 3, 1, 1, 6, 3, 2, 10, 9, 7, 9, 2, 6, 5, 8, 4, 9, 2, 10, 1, 1, 3, 7, 8, 5, 3, 6, 10, 2, 9, 8, 10, 7, 1, 5, 10, 8, 10, 6, 3, 2, 6, 10, 1, 9, 7, 7, 3, 5, 10, 1, 8, 2, 1, 6, 3, 10, 9, 10, 1, 2, 7, 5, 8, 1, 7, 3, 9, 3, 10, 1, 2, 3, 7, 7, 5, 10, 1, 7, 6, 3, 2, 1', '4'),
('283', '2017-6-25 14:00', '183', '1, 10, 5, 6, 4, 2, 5, 3, 4, 8, 9, 1, 4, 3, 2, 1, 4, 2, 6, 5, 10, 2, 5, 4, 7, 8, 5, 4, 2, 6, 9, 1, 2, 8, 4, 3, 6, 8, 7, 9, 5, 2, 4, 1, 3, 5, 6, 8, 3, 4, 1, 5, 9, 10, 5, 4, 2, 7, 6, 2, 8, 3, 5, 7, 9, 1, 5, 8, 9, 10, 3, 5, 6, 8, 2, 3, 4, 2, 5, 8, 9, 3, 7, 6, 5, 4, 3, 1, 10, 3, 8, 7, 2, 1, 5, 6, 7, 8, 9, 1', '4'),
('284', '2017-6-25 14:00', '184', '1, 10, 2, 3, 5, 4, 9, 7, 7, 2, 9, 2, 7, 2, 3, 9, 4, 4, 1, 10, 9, 3, 7, 2, 2, 6, 2, 7, 2, 4, 5, 3, 2, 3, 10, 6, 8, 7, 8, 3, 3, 3, 6, 3, 6, 9, 3, 9, 2, 1, 9, 4, 9, 6, 8, 7, 4, 7, 10, 7, 6, 6, 8, 9, 7, 8, 5, 6, 3, 6, 7, 5, 7, 8, 2, 6, 2, 5, 4, 8, 9, 2, 5, 1, 5, 7, 1, 2, 9, 2, 3, 1, 7, 2, 4, 2, 3, 4, 7, 4, 5', '4'),
('285', '2017-6-25 14:00', '185', '1, 2, 4, 8, 5, 2, 3, 7, 6, 10, 8, 9, 4, 6, 2, 6, 1, 4, 3, 5, 7, 2, 1, 3, 8, 10, 5, 6, 8, 9, 3, 1, 2, 4, 7, 6, 10, 3, 5, 1, 7, 4, 6, 3, 2, 9, 5, 10, 4, 7, 9, 3, 4, 8, 1, 2, 10, 4, 3, 8, 9, 3, 1, 4, 8, 7, 1, 2, 9, 7, 8, 3, 5, 6, 1, 4, 7, 9, 3, 1, 2, 4, 9, 5, 3, 1, 4, 8, 7, 5, 4, 1, 2, 7, 6, 4, 5, 3, 1, 10', '4'),
('286', '2017-06-07 21:12', '186', '1, 9,, 8,, 6,, 3,, 5,, 4,, 8,, 10,, 2, 8, 7, 5, 3, 8, 7, 7, 4, 5, 2, 1, 3, 1, 8, 7, 5, 4, 3, 2, 9, 8, 3, 2, 7, 4, 4, 5, 2, 3, 7, 5, 6, 1, 8, 3, 7, 5, 2, 5, 4, 8, 1, 2, 7, 9, 3, 2, 4, 5, 8, 7, 0, 9, 9, 2, 8, 3, 7, 6, 8, 4, 5, 2, 1, 3, 8, 1, 7, 5, 4, 9, 8, 9, 2, 1, 5, 4, 8, 7, 3, 7, 2, 5, 9, 8, 1, 7, 5, 4, 3, 8, 9, 8, 1, 2', '3'),
('287', '2017-06-07 21:21', '187', '2, 5, 4, 9, 1, 3, 7, 6, 2, 4, 8, 9, 2, 10, 4, 3, 8, 6, 1, 7, 2, 5, 8, 9, 1, 10, 3, 7, 2, 8, 6, 9, 10, 1, 2, 7, 8, 6, 4, 9, 3, 8, 1, 4, 10, 2, 7, 3, 5, 4, 1, 8, 3, 2, 6, 5, 9, 8, 1, 7, 6, 3, 2, 5, 4, 1, 6, 8, 10, 7, 1, 6, 2, 9, 3, 7, 10, 1, 4, 6, 9, 8, 2, 7, 5, 3, 6, 1, 7, 3, 8, 2, 10, 7, 8, 2, 7, 1, 9, 6', '3'),
('288', '2017-06-07 21:39', '9', '2, 3, 4, 9, 7, 5, 4, 6, 8, 10, 1, 3, 5, 7, 9, 2, 7, 6, 4, 5, 10, 7, 6, 2, 1, 5, 3, 7, 9, 4, 8, 2, 6, 5, 10, 1, 4, 7, 10, 9, 6, 5, 2, 7, 1, 7, 5, 9, 4, 3, 7, 9, 5, 3, 1, 10, 5, 2, 4, 1, 3, 7, 5, 6, 8, 9, 2, 4, 7, 10, 3, 2, 1, 6, 3, 9, 10, 1, 5, 2, 4, 3, 7, 9, 8, 10, 3, 5, 2, 7, 4, 2, 1, 9, 8, 10, 4, 10, 6, 5, 3, 5, 2, 4', '3'),
('289', '2017-06-08 08:46', '188', '2, 8, 5, 3, 9, 2, 10, 1, 7, 4, 9, 3, 5, 2, 4, 9, 8, 7, 2, 4, 1, 9, 5, 7, 4, 10, 2, 5, 3, 7, 10, 7, 9, 8, 6, 5, 3, 2, 10, 1, 4, 7, 6, 9, 5, 2, 3, 7, 2, 1, 10, 9, 7, 5, 6, 3, 1, 2, 4, 9, 7, 10, 8, 6, 4, 5, 3, 1, 2, 7, 8, 5, 10, 2, 1, 8, 3, 5, 9, 6, 10, 8, 2, 4, 5, 1, 10, 3, 6, 7, 4, 9, 2, 10, 8, 9, 2, 1, 3, 5, 7, 6, 8', '3'),
('290', '2017-06-07 20:27', '18', '2, 7, 3, 9, 4, 6, 1, 5, 3, 9, 6, 8, 10, 1, 2, 7, 5, 1, 3, 4, 8, 8, 9, 10, 5, 4, 3, 7, 8, 1, 5, 3, 6, 8, 7, 4, 2, 9, 10, 8, 6, 5, 4, 1, 3, 8, 7, 3, 5, 6, 2, 1, 8, 9, 3, 7, 10, 1, 4, 5, 6, 7, 9, 10, 2, 4, 6, 5, 1, 3, 7, 8, 9, 2, 4, 8, 10, 1, 7, 5, 2, 6, 3, 8, 4, 9, 5, 10, 6, 3, 8, 9, 2, 4, 1, 3, 10, 9, 2, 7, 6, 4, 5', '3'),
('291', '2017-06-08 15:13', '27', '4, 7, 5, 2, 8, 5, 3, 7, 1, 5, 2, 4, 7, 9, 3, 5, 6, 7, 2, 4, 3, 1, 5, 8, 5, 8, 9, 3, 6, 8, 5, 7, 4, 4, 3, 9, 7, 5, 1, 4, 2, 7, 8, 9, 6, 7, 4, 3, 7, 1, 9, 4, 7, 8, 6, 3, 7, 8, 1, 7, 4, 5, 8, 3, 6, 7, 8, 4, 5, 2, 7, 4, 7, 9, 3, 5, 8, 4, 6, 2, 2, 4, 6, 8, 9, 4, 2, 6, 6, 5, 6, 7, 8, 4, 8, 2, 6, 4, 5, 8, 6, 8, 2, 4, 5, 6, 7', '3'),
('292', '2017-06-08 15:24', '83', '3, 7, 8, 9, 5, 10, 3, 7, 8, 1, 2, 9, 10, 7, 3, 4, 9, 8, 5, 6, 3, 1, 7, 9, 8, 2, 3, 4, 7, 9, 10, 6, 8, 3, 5, 7, 9, 1, 3, 2, 4, 6, 8, 2, 9, 10, 7, 1, 3, 5, 9, 10, 7, 6, 4, 5, 10, 2, 3, 7, 9, 1, 3, 7, 9, 6, 5, 4, 2, 10, 7, 8, 1, 3, 5, 9, 10, 1, 3, 7, 9, 10, 6, 5, 4, 2, 5, 1, 3, 7, 6, 9, 5, 2, 5, 3, 7, 6, 9, 8, 10, 1, 5, 3', '3'),
('293', '2017-06-08 15:36', '34', '3, 4, 1, 5, 2, 9, 4, 3, 2, 1, 10, 7, 5, 1, 7, 8, 2, 4, 9, 8, 10, 1, 5, 4, 7, 2, 3, 9, 10, 4, 5, 8, 2, 1, 3, 7, 6, 2, 4, 10, 9, 3, 2, 8, 7, 2, 4, 1, 9, 3, 6, 9, 10, 4, 5, 10, 2, 4, 6, 5, 9, 8, 2, 3, 9, 7, 5, 6, 8, 2, 4, 3, 5, 6, 10, 4, 1, 9, 2, 7, 10, 4, 2, 1, 3, 7, 8, 6, 3, 4, 2, 1, 10, 8, 4, 3, 9, 2, 8, 4, 5, 7, 8, 2, 3, 5, 2', '3'),
('294', '2017-06-08 15:47', '33', '5, 4, 1, 10, 9, 7, 3, 2, 7, 1, 2, 8, 9, 7, 5, 7, 8, 10, 9, 6, 4, 1, 3, 5, 9, 4, 2, 5, 10, 8, 1, 7, 3, 2, 4, 1, 9, 2, 10, 4, 6, 2, 1, 1, 10, 2, 5, 7, 2, 9, 6, 8, 4, 5, 1, 2, 7, 8, 10, 8, 4, 6, 3, 7, 8, 5, 1, 10, 4, 2, 3, 10, 9, 10, 1, 3, 2, 5, 4, 8, 9, 2, 6, 8, 6, 5, 1, 8, 7, 10, 1, 9, 4, 3, 5, 9, 2, 6, 8, 10, 8, 2, 4, 6', '3'),
('295', '2017-06-11 13:45', '98', '7, 3, 5, 10, 2, 8, 4, 1, 6, 5, 8, 3, 2, 7, 4, 10, 3, 2, 9, 1, 10, 6, 8, 9, 5, 3, 8, 2, 7, 9, 3, 10, 4, 1, 7, 2, 5, 8, 9, 4, 1, 6, 9, 3, 10, 7, 4, 1, 3, 9, 5, 7, 8, 1, 9, 4, 10, 5, 2, 8, 10, 3, 2, 8, 6, 9, 1, 10, 5, 3, 8, 10, 3, 7, 4, 8, 10, 1, 3, 5, 9, 8, 2, 6, 10, 4, 8, 10, 3, 1, 9, 3, 10, 5, 8, 4, 9, 6, 8, 10, 3, 5, 8, 7, 4, 10, 2, 8', '3'),
('296', '2017-06-13 14:45', '100', '4, 2, 5, 7, 8, 9, 3, 1, 8, 5, 3, 7, 2, 9, 6, 1, 8, 5, 2, 7, 2, 1, 4, 5, 8, 7, 5, 2, 6, 9, 7, 4, 2, 5, 1, 9, 8, 2, 7, 4, 5, 9, 8, 1, 2, 8, 9, 5, 7, 3, 4, 8, 5, 3, 4, 7, 8, 9, 2, 3, 8, 6, 5, 1, 9, 3, 8, 4, 6, 3, 1, 2, 8, 5, 7, 9, 3, 2, 9, 8, 4, 5, 9, 3, 1, 6, 7, 4, 8, 2, 6, 9, 5, 1, 4, 9, 7, 2, 8, 3, 9, 5, 7, 3', '3'),
('297', '2017-06-13 14:52', '99', '1, 3, 4, 5, 1, 7, 2, 10, 8, 9, 3, 4, 5, 1, 10, 8, 7, 3, 9, 5, 2, 6, 1, 7, 4, 3, 5, 8, 3, 9, 10, 2, 7, 10, 5, 1, 6, 6, 1, 2, 7, 5, 4, 4, 9, 1, 4, 5, 10, 3, 9, 7, 4, 6, 2, 5, 1, 7, 9, 4, 5, 10, 8, 2, 1, 7, 10, 5, 8, 9, 7, 8, 1, 7, 8, 9, 6, 4, 2, 1, 1, 2, 3, 5, 4, 9, 10, 8, 8, 7, 5, 4, 1, 4, 3, 2, 1, 3, 5, 4, 2, 7, 8, 10', '3'),
('298', '2017-07-03 19:02', '189', '1, 3, 4, 7, 8, 10, 3, 7, 6, 5, 2, 10, 4, 6, 9, 2, 3, 1, 10, 4, 7, 6, 3, 5, 8, 10, 9, 2, 4, 6, 7, 10, 9, 2, 1, 5, 3, 7, 10, 2, 6, 8, 5, 9, 7, 3, 4, 26, 8, 10, 1, 3, 6, 8, 10, 6, 5, 2, 4, 10, 9, 8, 5, 7, 6, 10, 2, 1, 10, 9, 7, 6, 10, 4, 2, 1, 3, 7, 10, 8, 9, 4, 5, 1, 6, 3, 7, 2, 10, 9, 6, 5, 3, 8, 2, 1, 10, 7, 6, 4, 8, 3, 10', '3'),
('299', '2017-07-03 19:40', '7', '7, 3, 2, 4, 9, 10, 1, 5, 6, 8, 2, 3, 5, 7, 9, 10, 2, 3, 8, 7, 5, 9, 10, 1, 5, 2, 3, 6, 7, 8, 2, 6, 1, 2, 5, 8, 10, 2, 10, 1, 3, 4, 7, 8, 1, 3, 4, 6, 5, 8, 1, 10, 2, 4, 8, 3, 9, 6, 7, 5, 8, 10, 1, 3, 2, 1, 5, 6, 7, 2, 3, 4, 9, 1, 10, 5, 6, 10, 1, 5, 6, 7, 9, 10, 2, 5, 6, 8, 3, 7, 5, 1, 10, 2, 7, 8, 1, 3, 4, 5, 10, 6, 7, 9, 1, 3', '3'),
('300', '2017-06-07 20:39', '13', '2, 4, 8, 7, 9, 2, 5, 3, 6, 9, 7, 10, 3, 1, 4, 7, 8, 10, 2, 5, 9, 4, 3, 7, 2, 1, 3, 9, 2, 8, 5, 6, 3, 4, 2, 6, 8, 9, 2, 1, 4, 7, 9, 3, 2, 3, 5, 8, 9, 3, 10, 7, 6, 4, 1, 7, 9, 3, 2, 3, 5, 8, 3, 2, 6, 8, 1, 3, 1, 4, 2, 5, 8, 7, 9, 2, 3, 7, 8, 10, 1, 2, 4, 7, 2, 1, 7, 9, 5, 6, 8, 2, 4, 9, 10, 2, 1, 7, 8, 10, 4, 6, 7, 8, 2, 3', '3'),
('301', '2017-06-07 20:52', '190', '1, 3, 5, 7, 9, 10, 9, 8, 3, 2, 5, 4, 6, 8, 9, 1, 4, 3, 2, 8, 7, 5, 3, 4, 2, 8, 10, 9, 9, 2, 1, 4, 5, 6, 7, 2, 3, 5, 9, 8, 6, 3, 9, 10, 1, 2, 4, 5, 7, 9, 8, 6, 3, 2, 4, 6, 9, 8, 2, 1, 5, 4, 2, 6, 3, 6, 5, 8, 1, 10, 4, 2, 9, 7, 8, 1, 4, 2, 9, 5, 3, 8, 6, 5, 2, 10, 1, 9, 2, 8, 4, 6, 2, 3, 1, 2, 6, 8, 6, 6, 2, 7, 4, 9, 3', '3'),
('302', '2017-06-11 14:05', '191', '5, 8, 5, 7, 9, 3, 5, 7, 8, 2, 4, 6, 8, 2, 4, 3, 5, 9, 3, 8, 9, 6, 5, 3, 2, 10, 8, 5, 3, 6, 8, 10, 8, 3, 2, 5, 7, 9, 6, 3, 5, 7, 8, 2, 5, 6, 8, 9, 8, 6, 4, 3, 2, 1, 5, 6, 8, 8, 6, 4, 3, 5, 7, 8, 10, 7, 5, 3, 5, 6, 8, 6, 5, 3, 2, 3, 4, 6, 5, 1, 3, 7, 9, 3, 6, 4, 2, 7, 5, 3, 6, 10, 3, 5, 7, 2, 4, 1, 5, 8, 3, 6, 5', '3'),
('303', '2017-06-14 15:36', '94', '1, 4, 2, 3, 7, 3, 8, 9, 3, 6, 8, 4, 10, 3, 7, 4, 8, 9, 6, 8, 5, 7, 2, 4, 6, 8, 9, 7, 5, 4, 6, 4, 7, 3, 7, 9, 10, 6, 8, 5, 4, 2, 3, 6, 8, 5, 4, 7, 3, 1, 8, 4, 9, 4, 2, 7, 5, 4, 9, 4, 10, 6, 2, 7, 3, 7, 3, 8, 4, 8, 5, 2, 8, 10, 6, 3, 1, 5, 3, 7, 4, 2, 6, 8, 5, 1, 6, 4, 7, 2, 6, 5, 8, 2, 5, 6, 9, 4, 8, 2, 6, 8, 4, 6', '3'),
('304', '2017-07-02 16:29', '16', '4, 2, 6, 8, 5, 3, 6, 8, 5, 6, 3, 5, 1, 4, 7, 9, 10, 7, 5, 8, 5, 1, 6, 7, 9, 7, 5, 3, 2, 5, 8, 4, 3, 1, 5, 6, 8, 9, 6, 4, 3, 5, 6, 7, 9, 3, 5, 7, 6, 4, 2, 1, 7, 9, 6, 4, 3, 6, 8, 6, 3, 8, 2, 5, 8, 9, 4, 10, 3, 8, 5, 7, 3, 6, 8, 6, 2, 6, 8, 10, 5, 8, 2, 6, 4, 8, 9, 2, 5, 7, 6, 2, 7, 4, 6, 8, 5, 2, 6, 8, 10, 6, 2, 7, 8', '3'),
('305', '2017-06-25 19:16', '59', '8, 5, 6, 9, 2, 6, 10, 4, 7, 9, 5, 3, 6, 8, 2, 5, 7, 5, 3, 6, 8, 9, 1, 3, 5, 10, 5, 3, 7, 8, 6, 4, 3, 2, 1, 4, 3, 5, 7, 8, 5, 3, 7, 9, 5, 8, 3, 6, 4, 9, 6, 7, 3, 1, 7, 5, 9, 10, 8, 3, 6, 8, 5, 2, 6, 8, 3, 7, 8, 3, 6, 4, 7, 9, 3, 5, 7, 10, 3, 1, 4, 6, 8, 4, 3, 6, 4, 7, 8, 3, 5, 6, 8, 1, 4, 8, 5, 2, 9, 5, 3, 7, 5, 8, 3, 6', '3'),
('306', '2017-06-07 21:18', '187', '1, 3, 7, 9, 2, 4, 8, 5, 9, 3, 1, 7, 3, 2, 4, 8, 10, 1, 4, 7, 3, 5, 9, 9, 8, 2, 4, 7, 3, 1, 6, 5, 2, 8, 4, 1, 3, 7, 6, 8, 2, 1, 7, 3, 4, 9, 10, 3, 5, 8, 2, 3, 9, 7, 1, 2, 5, 6, 10, 3, 8, 4, 2, 7, 1, 10, 3, 5, 8, 2, 6, 1, 4, 9, 10, 3, 2, 7, 6, 1, 4, 3, 7, 5, 2, 9, 10, 1, 4, 5', '3'),
('307', '2017-06-07 21:36', '9', '3, 2, 7, 5, 6, 9, 8, 2, 4, 7, 10, 1, 5, 2, 4, 7, 8, 10, 9, 5, 9, 6, 1, 2, 4, 7, 10, 5, 6, 2, 1, 4, 3, 7, 8, 10, 9, 5, 4, 3, 5, 6, 9, 1, 3, 2, 4, 6, 9, 10, 8, 7, 6, 5, 2, 1, 4, 3, 5, 2, 1, 7, 4, 3, 2, 5, 10, 9, 1, 4, 7, 3, 2, 1, 6, 9, 7, 5, 10, 4, 3, 2, 1, 1, 5, 7, 19, 8, 9', '3'),
('308', '2017-06-08 08:42', '188', '1, 9, 8, 5, 4, 10, 2, 9, 3, 1, 4, 7, 8, 10, 4, 1, 5, 6, 2, 8, 9, 2, 3, 4, 1, 5, 7, 9, 10, 9, 7, 5, 3, 1, 2, 5, 9, 10, 8, 10, 1, 2, 3, 4, 5, 6, 7, 8, 9, 10, 5, 1, 3, 7, 2, 5, 9, 10, 2, 10, 1, 9, 7, 4, 3, 4, 5, 6, 2, 8, 2, 4, 1, 9, 4, 5, 10, 1, 3, 7, 5, 9, 10, 1, 3, 2, 4, 6, 1, 8, 10, 5, 7, 3, 4, 5, 6, 1, 2', '3'),
('309', '2017-06-08 15:08', '27', '6, 9, 2, 3, 6, 8, 6, 5, 1, 5, 4, 9, 7, 4, 7, 2, 5, 6, 7, 8, 9, 2, 5, 5, 4, 5, 1, 7, 4, 5, 3, 5, 3, 7, 9, 9, 2, 6, 4, 4, 2, 1, 6, 8, 9, 9, 4, 6, 2, 1, 4, 7, 8, 7, 8, 2, 4, 5, 8, 9, 4, 2, 3, 3, 7, 2, 1, 5, 7, 9, 8, 6, 4, 5, 2, 4, 6, 8, 9, 2, 4, 6, 5, 5, 4, 1, 2, 4, 6, 8, 2, 6, 4, 5', '3'),
('310', '2017-06-07 15:21', '83', '1, 6, 8, 7, 3, 4, 2, 1, 5, 3, 7, 8, 9, 1, 3, 4, 6, 5, 2, 4, 1, 3, 7, 8, 1, 3, 5, 9, 4, 5, 6, 8, 9, 1, 3, 5, 7, 6, 9, 8, 6, 5, 3, 2, 1, 3, 4, 5, 8, 7, 6, 9, 5, 3, 2, 4, 5, 6, 1, 3, 4, 5, 8, 1, 3, 9, 7, 8, 6, 5, 3, 2, 1, 5, 3, 4, 1, 9, 7, 8, 6, 5, 4, 3, 1, 3, 5, 7, 9, 8, 1, 2, 7, 9, 8, 1, 3, 5, 7, 7, 8, 6, 5, 9', '3'),
('311', '2017-06-08 15:32', '34', '5, 2, 3, 7, 8, 9, 3, 1, 4, 10, 6, 7, 2, 4, 9, 8, 7, 6, 2, 10, 1, 4, 5, 8, 9, 7, 2, 3, 4, 5, 6, 8, 9, 7, 1, 6, 10, 5, 4, 8, 9, 7, 2, 5, 7, 8, 1, 3, 10, 9, 7, 6, 4, 2, 5, 1, 9, 8, 7, 9, 10, 1, 3, 4, 1, 3, 2, 5, 7, 2, 1, 8, 9, 10, 2, 1, 3, 6, 3, 4, 5, 2, 7, 8, 9, 2, 3, 8, 7, 1, 3, 6, 5, 4, 9, 10, 1, 2, 1, 3, 7, 4, 5, 8, 9, 2, 1, 3', '3'),
('312', '2017-06-08 15:43', '33', '5, 6, 2, 4, 3, 7, 9, 2, 1, 10, 9, 7, 5, 3, 1, 10, 5, 2, 4, 8, 6, 5, 7, 9, 10, 9, 10, 7, 2, 3, 6, 8, 5, 2, 1, 10, 7, 9, 1, 5, 4, 3, 2, 1, 5, 7, 2, 5, 8, 6, 4, 1, 3, 2, 4, 7, 9, 6, 2, 1, 10, 9, 1, 10, 6, 3, 8, 10, 7, 3, 4, 2, 5, 9, 2, 7, 4, 10, 7, 4, 8, 4, 1, 10, 7, 1, 10, 10, 7, 4, 4, 8, 10, 3, 8, 4, 1, 1, 5, 2, 4, 1, 7, 10', '3'),
('313', '2017-06-11 13:41', '98', '8, 1, 3, 5, 7, 4, 9, 10, 2, 4, 8, 5, 3, 7, 2, 8, 10, 3, 5, 6, 1, 8, 10, 2, 5, 7, 4, 8, 3, 1, 10, 9, 2, 5, 6, 8, 4, 5, 3, 10, 8, 4, 3, 1, 9, 8, 7, 5, 4, 9, 3, 1, 5, 9, 8, 7, 4, 2, 6, 4, 5, 1, 10, 8, 9, 5, 4, 7, 1, 9, 3, 6, 4, 8, 10, 1, 6, 8, 1, 3, 10, 7, 4, 9, 5, 2, 1, 10, 8, 7, 2, 4, 6, 1, 5, 10, 9, 2, 4, 8, 3, 5, 10, 6', '3'),
('314', '2017-06-11 13:59', '191', '2, 6, 9, 7, 5, 3, 1, 8, 7, 10, 1, 2, 7, 4, 5, 3, 9, 6, 8, 5, 4, 2, 7, 9, 10, 2, 6, 8, 7, 3, 5, 8, 2, 4, 6, 9, 10, 1, 3, 4, 7, 2, 5, 9, 8, 4, 6, 1, 9, 3, 5, 7, 2, 10, 4, 6, 8, 3, 5, 7, 9, 1, 6, 4, 8, 10, 2, 5, 7, 3, 4, 6, 8, 4, 3, 1, 5, 7, 9, 1, 10, 4, 6, 5, 8, 9, 3, 4, 8, 7, 9, 2, 6, 5, 7, 10, 4, 3, 2, 1', '3'),
('315', '2017-06-13 14:38', '99', '4, 5, 1, 2, 7, 9, 3, 1, 4, 5, 1, 10, 3, 7, 8, 1, 9, 1, 2, 5, 8, 9, 8, 7, 6, 4, 10, 1, 9, 1, 2, 4, 8, 5, 6, 8, 9, 1, 10, 7, 8, 2, 3, 2, 1, 4, 5, 9, 1, 8, 7, 1, 6, 10, 1, 10, 9, 5, 6, 6, 5, 7, 2, 3, 1, 3, 9, 3, 10, 4, 5, 9, 7, 8, 6, 2, 1, 5, 4, 9, 10, 3, 5, 7, 2, 8, 7, 5, 3, 1, 5, 7, 5, 8, 9, 10, 1, 10, 3, 2, 10, 5, 4, 1, 7, 6, 7, 8', '3'),
('316', '2017-06-13 14:41', '100', '5, 4, 8, 7, 6, 2, 1, 9, 7, 8, 4, 5, 2, 3, 1, 4, 7, 9, 8, 7, 9, 5, 2, 1, 5, 3, 7, 6, 5, 8, 9, 2, 3, 4, 1, 2, 7, 6, 9, 1, 2, 8, 7, 6, 9, 5, 2, 1, 6, 6, 8, 9, 8, 7, 5, 3, 1, 4, 7, 6, 2, 1, 5, 4, 8, 9, 1, 3, 2, 4, 7, 9, 8, 1, 2, 1, 4, 6, 9, 7, 8, 1, 8, 7, 5, 3, 4, 2, 5, 7, 2, 8, 3, 4, 5, 4, 1, 2, 7, 9, 8, 1, 4, 2, 5, 7, 9, 8, 2, 5, 6', '3'),
('317', '2017-07-03 18:59', '189', '2, 4, 3, 7, 8, 10, 5, 6, 2, 1, 4, 7, 8, 9, 6, 4, 3, 5, 7, 10, 8, 9, 1, 5, 4, 6, 8, 9, 10, 2, 3, 1, 7, 4, 5, 6, 8, 10, 9, 7, 5, 3, 1, 4, 6, 8, 9, 10, 2, 5, 6, 1, 1, 2, 3, 7, 8, 9, 4, 5, 10, 2, 1, 4, 3, 7, 6, 8, 9, 2, 1, 4, 3, 5, 6, 8, 9, 10, 7, 6, 3, 2, 4, 8, 10, 1, 10, 2, 8, 3, 4, 7, 6, 7, 8, 10, 1, 2, 4, 3, 7, 10', '3'),
('318', '2017-07-03 19:36', '7', '1, 7, 10, 5, 4, 9, 6, 5, 1, 2, 3, 4, 7, 8, 9, 1, 5, 6, 3, 2, 7, 9, 10, 1, 5, 7, 8, 6, 5, 4, 8, 9, 1, 5, 10, 1, 2, 4, 7, 8, 9, 5, 1, 3, 7, 6, 8, 9, 3, 2, 4, 10, 8, 7, 6, 2, 4, 6, 7, 8, 9, 1, 5, 6, 7, 8, 9, 10, 3, 4, 5, 1, 6, 2, 1, 3, 5, 4, 3, 2, 1, 6, 7, 8, 9, 10, 2, 1, 3, 5, 4, 7, 9, 8, 10, 6, 7, 2, 1, 5, 3, 4, 6, 7', '3'),
('319', '2017-06-07 20:34', '13', '2, 5, 8, 3, 4, 10, 1, 9, 7, 6, 1, 2, 7, 4, 3, 5, 9, 8, 10, 1, 7, 4, 3, 2, 1, 5, 6, 3, 7, 9, 1, 4, 3, 7, 8, 5, 3, 2, 1, 3, 7, 8, 1, 4, 5, 6, 8, 9, 1, 3, 5, 4, 7, 8, 9, 1, 2, 5, 3, 7, 9, 10, 2, 4, 6, 1, 5, 3, 7, 9, 8, 2, 3, 5, 4, 1, 6, 8, 9, 1, 2, 3, 5, 3, 2, 1, 7, 6, 5, 4, 3, 5, 2, 1, 3, 7, 8, 9, 10, 2, 5, 7, 6, 3', '3'),
('320', '2017-06-07 20:48', '190', '2, 3, 1, 9, 8, 7, 6, 5, 4, 3, 2, 1, 9, 10, 5, 4, 3, 2, 9, 8, 7, 6, 3, 2, 1, 9, 10, 8, 7, 6, 5, 4, 3, 2, 1, 9, 8, 7, 6, 10, 10, 9, 8, 7, 6, 5, 1, 2, 3, 9, 8, 7, 6, 5, 7, 8, 9, 10, 9, 8, 3, 2, 6, 5, 4, 3, 2, 1, 10, 9, 8, 7, 3, 5, 2, 1, 9, 10, 8, 7, 5, 4, 3, 2, 10, 9, 8, 7, 6, 5, 9, 10, 5, 4, 3, 6, 7, 8, 9, 10, 10, 9', '3'),
('321', '2017-06-07 21:08', '186', '7, 8, 3, 2, 10, 9, 1, 4, 5, 8, 7, 6, 3, 1, 9, 10, 9, 2, 7, 1, 4, 5, 1, 9, 7, 3, 2, 8, 1, 3, 9, 8, 1, 3, 2, 1, 9, 4, 5, 6, 8, 9, 1, 9, 8, 3, 6, 4, 2, 1, 10, 4, 3, 5, 8, 7, 9, 10, 1, 2, 4, 5, 2, 1, 9, 10, 2, 9, 8, 7, 6, 5, 2, 7, 2, 4, 8, 9, 3, 4, 5, 9, 2, 1, 2, 3, 1, 4, 5, 7, 5, 6, 8, 9, 2, 8, 3, 7, 6, 5, 2, 4, 1, 7, 3, 7, 2, 1, 5', '3'),
('322', '2017-06-14 15:36', '94', '2, 5, 3, 6, 8, 5, 3, 5, 7, 9, 2, 8, 10, 3, 5, 8, 6, 2, 9, 6, 3, 8, 6, 3, 6, 5, 4, 8, 9, 3, 1, 4, 7, 6, 3, 8, 7, 5, 6, 2, 5, 9, 3, 7, 5, 8, 3, 6, 5, 4, 2, 7, 6, 8, 9, 10, 2, 3, 6, 6, 3, 7, 2, 7, 4, 5, 2, 4, 8, 6, 4, 8, 10, 3, 7, 5, 8, 2, 9, 5, 7, 3, 6, 4, 2, 6, 1, 6, 3, 6, 9, 2, 4, 5, 1, 6, 2, 8, 9, 1, 7, 10, 3, 5', '3'),
('323', '2017-07-02 14:27', '16', '3, 6, 4, 7, 8, 2, 5, 3, 7, 9, 5, 7, 3, 5, 6, 1, 2, 4, 5, 3, 7, 2, 5, 7, 3, 8, 9, 4, 6, 8, 3, 5, 7, 4, 5, 8, 4, 10, 3, 6, 2, 8, 5, 9, 2, 5, 3, 6, 8, 4, 9, 5, 7, 3, 5, 10, 8, 3, 6, 7, 9, 5, 7, 3, 5, 7, 5, 8, 5, 1, 2, 5, 3, 8, 4, 6, 7, 3, 7, 3, 6, 7, 4, 5, 2, 5, 6, 8, 9, 2, 4, 3, 5, 7, 5, 8, 3, 5, 7, 10, 3, 7, 4', '3'),
('324', '2017-06-25 19:15', '59', '1, 3, 5, 6, 8, 2, 4, 8, 9, 2, 3, 5, 6, 8, 3, 5, 8, 7, 6, 4, 2, 9, 7, 4, 3, 2, 6, 8, 10, 8, 5, 2, 5, 7, 9, 7, 6, 3, 2, 4, 6, 9, 8, 7, 5, 4, 10, 2, 6, 4, 8, 9, 6, 4, 2, 6, 8, 5, 3, 6, 8, 1, 6, 3, 7, 4, 8, 5, 6, 8, 2, 5, 7, 8, 2, 4, 7, 8, 7, 6, 5, 4, 3, 4, 3, 6, 8, 4, 6, 8, 3, 7, 5, 8, 10, 8, 3, 6, 7, 5, 2, 6, 1, 5', '3'),
('325', '2017-06-07 20:22', '18', '2, 4, 8, 9, 1, 5, 7, 10, 9, 6, 3, 1, 7, 2, 4, 5, 10, 9, 8, 1, 2, 5, 7, 8, 9, 3, 2, 4, 6, 5, 4, 6, 7, 8, 10, 1v, 9, 2, 3, 7, 8, 4, 6, 3, 9, 10, 2, 7, 6, 5, 4, 1, 9, 10, 8, 7, b3, 4, 8, 9, 1, 5, 3, 7, 8, 10, 2, 4, 10, 8, 2, 6, 7, 4, 1, 3, 8, 9, 5, 6, 2, 3, 7, 8, 9, 1, 10, 2, 3, 7, 4, 6, 8, 2, 9, 1, 7, 10, 2, 4, 6, 8, 10, 1, 3, 5, 7, 9, 2, 3, 4, 5, 1, 6, 8, 7, 9, 1', '3'),
('326', '2017-06-07 21:03', '187', '3, 7, 4, 8, 3, 5, 2, 1, 0, 8, 4, 2, 6, 5, 3, 7, 9, 4, 3, 7, 1, 8, 5, 3, 7, 6, 9, 2, 3, 6, 5, 3, 7, 9, 6, 5, 10, 8, 5, 8, 4, 1, 8, 4, 3, 7, 5, 1, 7, 9, 4, 7, 8, 3, 5, 6, 8, 1, 4, 7, 3, 9, 3, 6, 8, 4, 2, 6, 8, 5, 3, 4, 7, 5, 8, 4, 6, 2, 7, 5, 3, 8, 9, 0, 2, 1, 3, 7, 4, 8, 2, 5, 1, 9, 6, 3, 8, 2, 5, 4, 6, 8, 3, 10, 9', '1'),
('327', '2017-06-07 21:29', '186', '1, 7, 8, 6, 8, 9, 1, 2, 4, 5, 10, 1, 3, 4, 6, 7, 3, 2, 1, 4, 9, 8, 6, 10, 2, 4, 5, 8, 7, 6, 8, 2, 1, 9, 10, 1, 4, 7, 5, 8, 6, 8, 9, 10, 1, 4, 2, 8, 3, 4, 5, 7, 6, 8, 10, 2, 1, 4, 6, 7, 9, 8, 10, 1, 8, 6, 7, 2, 5, 4, 8, 4, 5, 2, 6, 8, 9, 3, 4, 5, 8, 6, 1, 10, 7, 8, 5, 4, 2, 3, 8, 9, 6, 7, 5, 4, 2, 1', '1'),
('328', '2017-06-07 21:42', '9', '2, 5, 4, 7, 10, 9, 7, 8, 1, 4, 5, 3, 1, 10, 9, 6, 7, 1, 3, 2, 4, 5, 7, 1, 3, 2, 9, 8, 10, 5, 7, 10, 2, 4, 5, 1, 9, 7, 6, 5, 4, 1, 2, 10, 7, 6, 9, 8, 9, 10, 1, 2, 4, 5, 1, 3, 5, 7, 9, 10, 1, 4, 3, 4, 6, 7, 10, 8, 4, 3, 2, 9, 8, 7, 8, 1, 2, 5, 4, 9, 10, 2, 4, 5, 1, 3, 2, 8', '1'),
('329', '2017-06-13 14:48', '100', '3, 8, 9, 6, 1, 2, 8, 5, 7, 6, 9, 8, 1, 3, 9, 6, 5, 4, 1, 4, 3, 5, 8, 7, 9, 4, 6, 7, 1, 4, 3, 1, 2, 5, 6, 8, 9, 1, 3, 4, 6, 8, 1, 9, 1, 5, 3, 4, 1, 9, 7, 8, 1, 6, 5, 4, 9, 7, 9, 1, 2, 4, 2, 3, 9, 7, 5, 1, 5, 9, 1, 5, 6, 8, 7, 3, 1, 6, 1, 3, 7, 6, 5, 4, 9, 8, 7, 1, 2, 9, 1, 7, 6, 8, 1, 4, 1, 7, 4, 3, 2, 9, 1, 9', '1'),
('330', '2017-06-07 20:47', '13', '3, 6, 8, 2, 1, 5, 6, 8, 9, 5, 3, 6, 7, 8, 9, 1, 2, 1, 6, 5, 8, 10, 4, 7, 1, 10, 6, 3, 8, 5, 7, 2, o, 7, 2, 5, 7, 1, 6, 4, 8, 1, 4, 6, 9, 7, 5, 3, 4, 6, 1, 4, 7, 5, 2, 8, 9, 10, 4, 3, 7, 4, 6, 1, 5, 8, 5, 3, 2, 6, 7, 4, 8, 3, 6, 8, 1, 4, 6, 8, 4, 7, 5, 8, 6, 7, 5, 4, 2, 1, 10, 9, 5, 3, 8, 2, 5, 10, 6, 8, 4, 3, 7, 6, 7', '1'),
('331', '2017-06-14 15:34', '94', '2, 5, 8, 3, 7, 5, 1, 3, 5, 8, 9, 10, 7, 5, 4, 3, 2, 6, 8, 5, 4, 8, 9, 1, 4, 6, 8, 10, 9, 7, 5, 4, 3, 6, 7, 5, 3, 1, 6, 2, 9, 6, 2, 5, 7, 9, 3, 6, 1, 9, 3, 6, 1, 5, 9, 7, 1, 6, 3, 5, 7, 9, 2, 1, 4, 5, 10, 8, 3, 6, 4, 7, 8, 6, 3, 1, 4, 6, 10, 9, 6, 4, 7, 2, 8, 4, 6, 5, 7, 9, 10, 2, 4, 5, 2, 6, 7, 3, 8, 1, 2, 4, 5, 7', '1'),
('332', '2017-07-03 19:05', '189', '2, 7, 4, 6, 8, 1, 3, 2, 10, 9, 7, 8, 1, 3, 4, 5, 6, 2, 4, 7, 8, 10, 4, 6, 5, 10, 1, 3, 5, 6, 8, 10, 1, 2, 4, 6, 8, 9, 1, 3, 4, 6, 8, 7, 10, 9, 10, 1, 2, 3, 5, 8, 10, 9, 7, 2, 3, 4, 2, 3, 4, 5, 7, 8, 7, 8, 4, 3, 2, 10, 9, 7, 6, 5, 4, 3, 2, 10, 9, 7, 8, 5, 3, 4, 10, 7, 6, 1, 2, 9, 10, 5, 6, 8, 1, 2, 3, 4, 5, 6, 8, 9, 10', '1'),
('333', '2017-06-25 19:13', '59', '7, 5, 3, 5, 8, 1, 4, 6, 2, 4, 7, 8, 9, 3, 5, 4, 1, 6, 4, 3, 5, 8, 5, 3, 2, 6, 10, 8, 4, 2, 6, 8, 5, 3, 7, 8, 1, 4, 6, 2, 7, 5, 3, 6, 8, 4, 6, 7, 2, 4, 9, 8, 7, 1, 4, 2, 5, 7, 10, 3, 6, 8, 2, 6, 5, 7, 9, 2, 5, 3, 6, 8, 4, 5, 9, 1, 3, 7, 6, 8, 2, 5, 1, 6, 4, 7, 2, 6, 3, 7, 8, 5, 7, 1, 3, 5, 7, 8, 9, 10, 3, 7, 9, 2, 6', '1'),
('334', '2017-07-03 19:45', '7', '2, 3, 4, 1, 7, 10, 8, 1, 2, 7, 8, 9, 1, 2, 3, 5, 6, 9, 10, 1, 2, 5, 6, 7, 8, 9, 1, 10, 3, 4, 5, 1, 6, 7, 10, 8, 9, 6, 5, 1, 2, 7, 1, 3, 4, 5, 10, 7, 8, 9, 1, 3, 5, 4, 2, 6, 7, 8, 1, 2, 10, 3, 4, 5, 6, 7, 8, 1, 9, 10, 7, 6, 3, 4, 5, 1, 10, 9, 8, 7, 8, 7, 10, 1, 2, 3, 4, 6, 5, 7, 8, 10, 9, 2, 1, 3, 5, 4, 7, 9, 10, 8, 7', '1'),
('335', '2017-06-08 15:52', '33', '1, 3, 8, 2, 1, 9, 10, 9, 2, 7, 5, 4, 1, 7, 6, 10, 8, 4, 1, 5, 3, 2, 8, 9, 10, 9, 2, 1, 2, 3, 5, 8, 2, 6, 9, 2, 8, 9, 8, 7, 2, 4, 5, 6, 4, 2, 1, 8, 10, 1, 9, 8, 2, 1, 4, 1, 9, 6, 7, 9, 8, 4, 2, 2, 8, 2, 4, 2, 8, 9, 10, 2, 1, 9, 7, 9, 2, 5, 2, 8, 6, 4, 2, 8, 1, 4, 5, 6, 9, 10, 8, 2, 9, 4, 6, 9, 8, 7, 4, 1, 1, 1, 2, 3', '1'),
('336', '2017-06-08 15:38', '34', '2, 1, 4, 6, 10, 9, 1, 7, 8, 2, 3, 4, 6, 7, 9, 10, 1, 6, 2, 7, 8, 10, 2, 1, 5, 6, 4, 3, 4, 2, 1, 10, 1, 9, 8, 7, 2, 6, 5, 4, 3, 9, 8, 10, 1, 6, 7, 2, 1, 6, 2, 9, 2, 8, 5, 3, 4, 7, 8, 6, 2, 1, 9, 10, 1, 2, 3, 2, 4, 6, 7, 5, 8, 2, 1, 1, 2, 10, 9, 1, 2, 3, 7, 6, 8, 4, 3, 2, 5, 7, 6, 10, 9, 1, 2, 3, 4, 6, 5, 7, 9, 10, 1, 4, 6, 8', '1'),
('337', '2017-06-13 14:54', '99', '2, 3, 1, 10, 9, 6, 2, 7, 8, 1, 9, 4, 5, 1, 9, 5, 10, 8, 2, 4, 1, 7, 10, 5, 8, 2, 1, 7, 4, 3, 8, 10, 9, 2, 1, 4, 3, 5, 9, 1, 10, 7, 6, 3, 6, 2, 7, 9, 8, 10, 6, 2, 3, 1, 3, 7, 4, 3, 9, 10, 1, 4, 6, 8, 9, 4, 10, 3, 2, 1, 9, 8, 6, 4, 3, 2, 4, 1, 6, 9, 4, 2, 1, 10, 4, 3, 4, 9, 10, 1, 2, 3, 1, 5, 6, 9, 10, 2, 3, 2, 7, 1, 6, 4, 10', '1'),
('338', '2017-06-08 08:49', '190', '5, 10, 1, 3, 7, 10, 5, 2, 4, 6, 8, 2, 1, 3, 10, 7, 9, 8, 1, 5, 6, 10, 2, 8, 6, 2, 9, 10, 2, 3, 5, 4, 1, 4, 9, 10, 9, 8, 4, 3, 10, 1, 5, 7, 8, 2, 10, 8, 2, 1, 5, 6, 4, 6, 8, 9, 3, 4, 1, 10, 9, 1, 2, 3, 9, 5, 7, 8, 1, 2, 10, 9, 3, 5, 7, 9, 8, 6, 2, 4, 1, 2, 3, 7, 2, 3, 10, 9, 8, 10, 2, 5, 1, 10, 9, 3, 4, 6, 1, 7, 8, 10, 3, 4', '1'),
('339', '2017-06-07 20:57', '191', '7, 3, 6, 9, 1, 5, 7, 2, 4, 5, 9, 10, 2, 6, 8, 2, 5, 1, 5, 3, 6, 8, 2, 5, 10, 8, 4, 6, 2, 4, 8, 6, 4, 1, 5, 8, 5, 3, 7, 9, 5, 7, 10, 3, 6, 8, 4, 6, 8, 3, 6, 9, 2, 5, 6, 7, 4, 3, 1, 5, 7, 4, 9, 10, 8, 5, 3, 7, 1, 3, 8, 5, 3, 7, 10, 9, 6, 3, 10, 2, 6, 8, 3, 7, 2, 8, 6, 4, 5, 9, 10, 3, 5, 7, 2, 4, 5, 1, 6, 8, 3, 5', '1'),
('340', '2017-06-11 14:02', '188', '1, 3, 6, 4, 2, 7, 9, 5, 4, 7, 8, 10, 8, 3, 5, 7, 1, 4, 2, 6, 5, 8, 4, 9, 3, 7, 1, 8, 6, 3, 5, 9, 10, 2, 5, 8, 3, 8, 4, 6, 7, 2, 4, 1, 5, 9, 6, 2, 5, 8, 1, 6, 3, 9, 6, 4, 8, 2, 10, 8, 5, 3, 7, 1, 8, 3, 6, 10, 7, 3, 8, 2, 6, 4, 8, 3, 6, 10, 8, 5, 3, 7, 2, 8, 6, 4, 7, 1, 3, 5, 6, 2, 7, 3, 8, 5, 3, 7, 1, 9, 8, 7, 5, 3, 7', '1'),
('341', '2017-06-07 20:30', '18', '2, 4, 6, 7, 10, 1, 3, 8, 9, 5, 7, 3, 2, 10, 8, 9, 6, 4, 3, 2, 4, 5, 7, 8, 9, 2, 1, 3, 4, 6, 7, 8, 3, 1, 5, 7, 4, 8, 10, 2, 4, 6, 7, 8, 9, 2, 10, 7, 3, 4, 1, 6, 7, 3, 4, 8, 9, 3, 10, 7, 8, 9, 2, 4, 7, 1, 3, 5, 6, 7, 3, 2, 1, 4, 7, 8, 3, 2, 4, 6, 7, 1, 8, 9, 10, 1, 5, 6, 2, 8, 2, 3, 4, 5, 6', '1'),
('342', '2017-06-08 15:28', '83', '3, 4, 6, 7, 9, 8, 5, 2, 1, 3, 8, 7, 6, 9, 10, 1, 2, 3, 4, 6, 7, 8, 9, 1, 2, 5, 7, 6, 6, 7, 9, 10, 1, 3, 7, 5, 1, 2, 4, 3, 5, 7, 9, 8, 10, 1, 2, 3, 4, 7, 9, 10, 1, 2, 4, 5, 7, 9, 8, 10, 1, 3, 5, 4, 2, 1, 7, 8, 9, 1, 3, 2, 4, 6, 7, 9, 10, 1, 2, 3, 7, 8, 9, 10, 1, 2, 3, 4, 2, 5, 10, 1, 5, 7, 3, 4, 8, 1, 2, 7, 3, 4, 6, 4, 7', '1'),
('343', '2017-07-02 16:24', '16', '6, 8, 3, 5, 7, 2, 9, 4, 7, 1, 6, 2, 8, 6, 4, 2, 8, 10, 3, 6, 8, 2, 5, 8, 9, 1, 4, 7, 1, 7, 3, 7, 3, 5, 8, 2, 8, 5, 4, 9, 10, 2, 5, 7, 1, 5, 7, 2, 4, 8, 5, 1, 4, 2, 6, 4, 9, 8, 4, 3, 2, 1, 10, 8, 4, 6, 2, 7, 4, 9, 5, 7, 3, 7, 2, 4, 6, 3, 8, 10, 9, 6, 3, 5, 9, 3, 1, 5, 7, 4, 8, 2, 6, 9, 3, 6, 1, 3, 7, 5, 8, 2, 5, 9, 10', '1'),
('344', '2017-06-11 13:49', '98', '7, 8, 3, 4, 7, 10, 2, 8, 4, 6, 8, 1, 7, 9, 8, 2, 4, 9, 8, 2, 3, 4, 10, 6, 1, 9, 2, 10, 3, 48, 6, 2, 4, 9, 1, 6, 8, 10, 3, 4, 7, 3, 1, 10, 9, 6, 4, 2, 10, 8, 6, 4, 3, 9, 8, 1, 10, 2, 8, 7, 8, 3, 5, 1, 5, 10, 7, 2, 3, 8, 6, 4, 8, 9, 1, 2, 10, 8, 5, 2, 6, 3, 7, 9, 2, 3, 10, 1, 8, 4, 6, 7, 1, 8, 7, 6, 3, 10, 8, 7, 2, 1', '1'),
('345', '2017-06-08 15:17', '27', '3, 7, 5, 7, 2, 6, 9, 8, 5, 3, 1, 5, 7, 4, 8, 2, 6, 4, 7, 8, 7, 3, 5, 2, 3, 4, 5, 7, 9, 8, 7, 8, 6, 4, 3, 5, 1, 5, 7, 3, 5, 8, 6, 2, 2, 6, 7, 8, 9, 5, 3, 7, 7, 5, 1, 5, 6, 8, 9, 8, 6, 4, 5, 3, 2, 1, 6, 5, 7, 9, 8, 7, 5, 3, 5, 6, 1, 6, 9, 8, 2, 6, 7, 3, 5, 7, 9, 6, 8, 4, 5, 6, 4, 7, 9, 1', '1');



